-- MySQL dump 10.13  Distrib 8.0.45, for Win64 (x86_64)
--
-- Host: localhost    Database: university
-- ------------------------------------------------------
-- Server version	8.0.45

/*!40101 SET @OLD_CHARACTER_SET_CLIENT=@@CHARACTER_SET_CLIENT */;
/*!40101 SET @OLD_CHARACTER_SET_RESULTS=@@CHARACTER_SET_RESULTS */;
/*!40101 SET @OLD_COLLATION_CONNECTION=@@COLLATION_CONNECTION */;
/*!50503 SET NAMES utf8 */;
/*!40103 SET @OLD_TIME_ZONE=@@TIME_ZONE */;
/*!40103 SET TIME_ZONE='+00:00' */;
/*!40014 SET @OLD_UNIQUE_CHECKS=@@UNIQUE_CHECKS, UNIQUE_CHECKS=0 */;
/*!40014 SET @OLD_FOREIGN_KEY_CHECKS=@@FOREIGN_KEY_CHECKS, FOREIGN_KEY_CHECKS=0 */;
/*!40101 SET @OLD_SQL_MODE=@@SQL_MODE, SQL_MODE='NO_AUTO_VALUE_ON_ZERO' */;
/*!40111 SET @OLD_SQL_NOTES=@@SQL_NOTES, SQL_NOTES=0 */;

--
-- Table structure for table `addmission_app_application`
--

DROP TABLE IF EXISTS `addmission_app_application`;
/*!40101 SET @saved_cs_client     = @@character_set_client */;
/*!50503 SET character_set_client = utf8mb4 */;
CREATE TABLE `addmission_app_application` (
  `id` bigint NOT NULL AUTO_INCREMENT,
  `status` varchar(50) NOT NULL,
  `created_at` datetime(6) NOT NULL,
  `student_id` bigint NOT NULL,
  `accepted_program_id` bigint DEFAULT NULL,
  `choices_json` longtext NOT NULL DEFAULT (_utf8mb4'[]'),
  PRIMARY KEY (`id`),
  UNIQUE KEY `student_id` (`student_id`),
  KEY `addmission_app_appli_accepted_program_id_03ac158b_fk_addmissio` (`accepted_program_id`),
  CONSTRAINT `addmission_app_appli_accepted_program_id_03ac158b_fk_addmissio` FOREIGN KEY (`accepted_program_id`) REFERENCES `addmission_app_program` (`id`),
  CONSTRAINT `addmission_app_appli_student_id_cbc316b9_fk_addmissio` FOREIGN KEY (`student_id`) REFERENCES `addmission_app_student` (`id`)
) ENGINE=InnoDB AUTO_INCREMENT=124 DEFAULT CHARSET=utf8mb4 COLLATE=utf8mb4_0900_ai_ci;
/*!40101 SET character_set_client = @saved_cs_client */;

--
-- Dumping data for table `addmission_app_application`
--

LOCK TABLES `addmission_app_application` WRITE;
/*!40000 ALTER TABLE `addmission_app_application` DISABLE KEYS */;
INSERT INTO `addmission_app_application` VALUES (57,'يتم المراجعة','2026-03-26 18:01:39.465005',127,NULL,'[{\"program_id\":\"ai-0\",\"pName\":\"علوم حاسوب\",\"uName\":\"كليـة الحاسـوب – علوم الحاسوب-جامعة كرري - أم درمان\"},{\"program_id\":\"ai-1\",\"pName\":\"علوم حاسوب\",\"uName\":\"كليـة علوم الحاسوب- علوم الحاسوب(الذكاء الاصطناعى - علم البيانات)-جامعة العلوم والتقانة-امدرمان\"},{\"program_id\":\"ai-2\",\"pName\":\"علوم حاسوب\",\"uName\":\"كلية العلوم التطبيقية والحاسوب - علوم الحاسوب-جامعة أم درمان الأهلية - أم درمان\"},{\"program_id\":\"ai-0\",\"pName\":\"شبكات\",\"uName\":\"كليـة الحاسـوب – شبكات الحاسوب-جامعة كرري - أم درمان\"},{\"program_id\":\"ai-1\",\"pName\":\"شبكات\",\"uName\":\"كليـة علوم الحاسوب – تكنولوجيا المعلومات والاتصالات-جامعة العلوم والتقانة-امدرمان\"}]'),(58,'يتم المراجعة','2026-03-28 12:04:33.686998',128,NULL,'[{\"program_id\":\"ai-0\",\"pName\":\"طب\",\"uName\":\"كليـة الطب-جامعة كرري - أم درمان\"},{\"program_id\":\"ai-1\",\"pName\":\"طب الاسنان\",\"uName\":\"كليـة طب الفم والأسنان-جامعة كرري - أم درمان\"},{\"program_id\":\"ai-2\",\"pName\":\"طب\",\"uName\":\"مدرسة الطـب-جامعة الأحفاد  للبنات\"},{\"program_id\":\"ai-4\",\"pName\":\"طب\",\"uName\":\"الطب والجراحة-كلية الإمام الهادي - أم درمان\"},{\"program_id\":\"ai-5\",\"pName\":\"طب\",\"uName\":\"كلية الطب-جامعة أم درمان الأهلية - أم درمان\"}]'),(59,'يتم المراجعة','2026-03-28 12:19:36.824103',129,NULL,'[{\"program_id\":\"ai-0\",\"pName\":\"طب\",\"uName\":\"كليـة الطب-جامعة كرري - أم درمان\"},{\"program_id\":\"ai-1\",\"pName\":\"طب الاسنان\",\"uName\":\"كليـة طب الفم والأسنان-جامعة كرري - أم درمان\"},{\"program_id\":\"ai-2\",\"pName\":\"طب\",\"uName\":\"مدرسة الطـب-جامعة الأحفاد  للبنات\"},{\"program_id\":\"ai-4\",\"pName\":\"طب\",\"uName\":\"الطب والجراحة-كلية الإمام الهادي - أم درمان\"},{\"program_id\":\"ai-5\",\"pName\":\"طب\",\"uName\":\"كلية الطب-جامعة أم درمان الأهلية - أم درمان\"}]'),(60,'يتم المراجعة','2026-03-28 12:20:25.485273',130,NULL,'[{\"program_id\":\"ai-0\",\"pName\":\"طب\",\"uName\":\"كليـة الطب-جامعة كرري - أم درمان\"},{\"program_id\":\"ai-1\",\"pName\":\"طب الاسنان\",\"uName\":\"كليـة طب الفم والأسنان-جامعة كرري - أم درمان\"},{\"program_id\":\"ai-2\",\"pName\":\"طب\",\"uName\":\"مدرسة الطـب-جامعة الأحفاد  للبنات\"},{\"program_id\":\"ai-7\",\"pName\":\"طب الاسنان\",\"uName\":\"كليـة طب الأســنان-جامعة العلوم والتقانة-امدرمان\"},{\"program_id\":\"ai-6\",\"pName\":\"طب\",\"uName\":\"كليـة الطــــــب-جامعة العلوم والتقانة-امدرمان\"}]'),(61,'يتم المراجعة','2026-03-28 12:24:53.443026',131,NULL,'[{\"program_id\":\"ai-0\",\"pName\":\"طب\",\"uName\":\"كليـة الطب-جامعة كرري - أم درمان\"},{\"program_id\":\"ai-1\",\"pName\":\"طب الاسنان\",\"uName\":\"كليـة طب الفم والأسنان-جامعة كرري - أم درمان\"},{\"program_id\":\"ai-2\",\"pName\":\"طب\",\"uName\":\"مدرسة الطـب-جامعة الأحفاد  للبنات\"},{\"program_id\":\"ai-7\",\"pName\":\"طب الاسنان\",\"uName\":\"كليـة طب الأســنان-جامعة العلوم والتقانة-امدرمان\"},{\"program_id\":\"ai-6\",\"pName\":\"طب\",\"uName\":\"كليـة الطــــــب-جامعة العلوم والتقانة-امدرمان\"}]'),(62,'يتم المراجعة','2026-03-28 12:25:39.489555',132,NULL,'[{\"program_id\":\"ai-0\",\"pName\":\"طب\",\"uName\":\"كليـة الطب-جامعة كرري - أم درمان\"},{\"program_id\":\"ai-1\",\"pName\":\"طب الاسنان\",\"uName\":\"كليـة طب الفم والأسنان-جامعة كرري - أم درمان\"},{\"program_id\":\"ai-2\",\"pName\":\"طب\",\"uName\":\"مدرسة الطـب-جامعة الأحفاد  للبنات\"},{\"program_id\":5633,\"pName\":\"طب\",\"uName\":\"الطب-جامعة دلتا العلوم والتكنولوجيا\"},{\"program_id\":\"ai-4\",\"pName\":\"طب\",\"uName\":\"الطب والجراحة-كلية الإمام الهادي - أم درمان\"}]'),(63,'يتم المراجعة','2026-03-28 12:28:49.015080',133,NULL,'[{\"program_id\":\"ai-0\",\"pName\":\"طب\",\"uName\":\"كليـة الطب-جامعة كرري - أم درمان\"},{\"program_id\":\"ai-1\",\"pName\":\"طب الاسنان\",\"uName\":\"كليـة طب الفم والأسنان-جامعة كرري - أم درمان\"},{\"program_id\":\"ai-2\",\"pName\":\"طب\",\"uName\":\"مدرسة الطـب-جامعة الأحفاد  للبنات\"},{\"program_id\":5633,\"pName\":\"طب\",\"uName\":\"الطب-جامعة دلتا العلوم والتكنولوجيا\"},{\"program_id\":\"ai-4\",\"pName\":\"طب\",\"uName\":\"الطب والجراحة-كلية الإمام الهادي - أم درمان\"}]'),(64,'يتم المراجعة','2026-03-28 14:08:14.406039',134,NULL,'[{\"program_id\":\"ai-0\",\"pName\":\"طب\",\"uName\":\"كليـة الطب-جامعة كرري - أم درمان\"},{\"program_id\":\"ai-1\",\"pName\":\"طب الاسنان\",\"uName\":\"كليـة طب الفم والأسنان-جامعة كرري - أم درمان\"},{\"program_id\":\"ai-2\",\"pName\":\"طب\",\"uName\":\"مدرسة الطـب-جامعة الأحفاد  للبنات\"},{\"program_id\":5633,\"pName\":\"طب\",\"uName\":\"الطب-جامعة دلتا العلوم والتكنولوجيا\"},{\"program_id\":\"ai-4\",\"pName\":\"طب\",\"uName\":\"الطب والجراحة-كلية الإمام الهادي - أم درمان\"}]'),(65,'يتم المراجعة','2026-03-28 14:15:35.438271',135,NULL,'[{\"program_id\":\"ai-0\",\"pName\":\"طب\",\"uName\":\"كليـة الطب-جامعة كرري - أم درمان\"},{\"program_id\":\"ai-1\",\"pName\":\"طب الاسنان\",\"uName\":\"كليـة طب الفم والأسنان-جامعة كرري - أم درمان\"},{\"program_id\":\"ai-2\",\"pName\":\"طب\",\"uName\":\"مدرسة الطـب-جامعة الأحفاد  للبنات\"},{\"program_id\":5633,\"pName\":\"طب\",\"uName\":\"الطب-جامعة دلتا العلوم والتكنولوجيا\"},{\"program_id\":\"ai-4\",\"pName\":\"طب\",\"uName\":\"الطب والجراحة-كلية الإمام الهادي - أم درمان\"}]'),(66,'يتم المراجعة','2026-03-28 16:49:09.665799',136,NULL,'[{\"program_id\":\"ai-0\",\"pName\":\"طب\",\"uName\":\"كليـة الطب-جامعة كرري - أم درمان\"},{\"program_id\":\"ai-1\",\"pName\":\"طب الاسنان\",\"uName\":\"كليـة طب الفم والأسنان-جامعة كرري - أم درمان\"},{\"program_id\":\"ai-2\",\"pName\":\"طب\",\"uName\":\"مدرسة الطـب-جامعة الأحفاد  للبنات\"},{\"program_id\":5633,\"pName\":\"طب\",\"uName\":\"الطب-جامعة دلتا العلوم والتكنولوجيا\"},{\"program_id\":\"ai-4\",\"pName\":\"طب\",\"uName\":\"الطب والجراحة-كلية الإمام الهادي - أم درمان\"}]'),(67,'يتم المراجعة','2026-03-28 16:49:55.949564',137,NULL,'[{\"program_id\":\"ai-0\",\"pName\":\"طب\",\"uName\":\"كليـة الطب-جامعة كرري - أم درمان\"}]'),(68,'يتم المراجعة','2026-03-28 17:01:44.910193',138,NULL,'[{\"program_id\":\"ai-0\",\"pName\":\"طب\",\"uName\":\"كليـة الطب-جامعة كرري - أم درمان\"}]'),(69,'يتم المراجعة','2026-03-28 17:02:31.146694',139,NULL,'[{\"program_id\":\"ai-0\",\"pName\":\"طب\",\"uName\":\"كليـة الطب-جامعة كرري - أم درمان\"}]'),(70,'يتم المراجعة','2026-03-28 17:06:51.963077',140,NULL,'[{\"program_id\":\"ai-0\",\"pName\":\"طب\",\"uName\":\"كليـة الطب-جامعة كرري - أم درمان\"}]'),(71,'يتم المراجعة','2026-03-28 17:17:16.461496',141,NULL,'[{\"program_id\":\"ai-0\",\"pName\":\"طب\",\"uName\":\"كليـة الطب-جامعة كرري - أم درمان\"}]'),(72,'يتم المراجعة','2026-03-28 17:18:29.279063',142,NULL,'[{\"program_id\":0,\"pName\":\"طب\",\"uName\":\"كليـة الطب-جامعة كرري - أم درمان\"}]'),(73,'يتم المراجعة','2026-03-30 12:55:46.234825',143,NULL,'[{\"program_id\":\"4331\",\"pName\":\"كليـة علوم الجغرافيا والبيئة\",\"uName\":\"جامعة الخرطــوم (حكومية)\"},{\"program_id\":\"4333\",\"pName\":\"كليـة القـانـون\",\"uName\":\"جامعة الخرطــوم (حكومية)\"}]'),(74,'يتم المراجعة','2026-03-30 13:28:51.699204',144,NULL,'[{\"program_id\":\"4335\",\"pName\":\"كليـة الطــب\",\"uName\":\"جامعة الخرطــوم (حكومية)\"},{\"program_id\":\"4337\",\"pName\":\"كليـة الصـيـدلـة\",\"uName\":\"جامعة الخرطــوم (حكومية)\"},{\"program_id\":\"4339\",\"pName\":\"كليـة علوم الـتـمـريـض\",\"uName\":\"جامعة الخرطــوم (حكومية)\"}]'),(75,'يتم المراجعة','2026-03-30 13:37:20.016797',145,NULL,'[{\"program_id\":0,\"pName\":\"طب\",\"uName\":\"كليـة الطب-جامعة كرري - أم درمان\"}]'),(76,'يتم المراجعة','2026-03-30 14:38:07.412504',146,NULL,'[{\"program_id\":5479,\"pName\":\"طب\",\"uName\":\"جامعة الرباط الوطنى\"}]'),(77,'يتم المراجعة','2026-03-30 14:45:48.316757',147,NULL,'[{\"program_id\":5479,\"pName\":\"طب\",\"uName\":\"جامعة الرباط الوطنى\"}]'),(78,'يتم المراجعة','2026-03-30 14:46:22.224288',148,NULL,'[{\"program_id\":0,\"pName\":\"طب\",\"uName\":\"كليـة الطب-جامعة كرري - أم درمان\"}]'),(79,'يتم المراجعة','2026-03-30 14:54:23.104002',149,NULL,'[{\"program_id\":0,\"pName\":\"طب\",\"uName\":\"كليـة الطب-جامعة كرري - أم درمان\"}]'),(80,'يتم المراجعة','2026-03-30 15:17:17.843127',150,NULL,'[{\"program_id\":0,\"pName\":\"طب\",\"uName\":\"كليـة الطب-جامعة كرري - أم درمان\"}]'),(81,'يتم المراجعة','2026-03-30 15:18:14.328697',151,NULL,'[{\"program_id\":0,\"pName\":\"طب\",\"uName\":\"كليـة الطب-جامعة كرري - أم درمان\"}]'),(82,'يتم المراجعة','2026-04-03 11:57:29.223860',152,NULL,'[{\"program_id\":0,\"pName\":\"اداره اعمال\",\"uName\":\"العلوم الإدارية-كلية القلم للعلوم والتكنولوجيا - ام درمان\"},{\"program_id\":0,\"pName\":\"اداره اعمال\",\"uName\":\" المعلومات الادارية-جامعة دلتا العلوم والتكنولوجيا\"}]'),(83,'يتم المراجعة','2026-04-03 13:25:01.205373',153,NULL,'[{\"program_id\":0,\"pName\":\"اداره اعمال\",\"uName\":\"العلوم الإدارية-كلية القلم للعلوم والتكنولوجيا - ام درمان\"},{\"program_id\":0,\"pName\":\"اداره اعمال\",\"uName\":\" المعلومات الادارية-جامعة دلتا العلوم والتكنولوجيا\"}]'),(84,'يتم المراجعة','2026-04-03 13:26:06.576653',154,NULL,'[{\"program_id\":4338,\"pName\":\"طب\",\"uName\":\"كليـة الطب-جامعة كرري - أم درمان\"},{\"program_id\":4338,\"pName\":\"طب\",\"uName\":\"مدرسة الطـب-جامعة الأحفاد  للبنات\"},{\"program_id\":4338,\"pName\":\"طب\",\"uName\":\"الطب-جامعة دلتا العلوم والتكنولوجيا\"},{\"program_id\":4338,\"pName\":\"طب\",\"uName\":\"كلية الطب-جامعة أم درمان الأهلية - أم درمان\"},{\"program_id\":6461,\"pName\":\"طب الاسنان\",\"uName\":\"طب الأسنان-كلية الإمام الهادي - أم درمان\"},{\"program_id\":4338,\"pName\":\"طب\",\"uName\":\"الطب والجراحة-كلية القلم للعلوم والتكنولوجيا - ام درمان\"}]'),(85,'يتم المراجعة','2026-04-03 13:29:53.425104',155,NULL,'[{\"program_id\":4338,\"pName\":\"طب\",\"uName\":\"كليـة الطب-جامعة كرري - أم درمان\"},{\"program_id\":4338,\"pName\":\"طب\",\"uName\":\"مدرسة الطـب-جامعة الأحفاد  للبنات\"},{\"program_id\":4338,\"pName\":\"طب\",\"uName\":\"الطب-جامعة دلتا العلوم والتكنولوجيا\"},{\"program_id\":4338,\"pName\":\"طب\",\"uName\":\"كلية الطب-جامعة أم درمان الأهلية - أم درمان\"},{\"program_id\":6461,\"pName\":\"طب الاسنان\",\"uName\":\"طب الأسنان-كلية الإمام الهادي - أم درمان\"},{\"program_id\":4338,\"pName\":\"طب\",\"uName\":\"الطب والجراحة-كلية القلم للعلوم والتكنولوجيا - ام درمان\"}]'),(86,'يتم المراجعة','2026-04-03 13:30:41.459852',156,NULL,'[{\"program_id\":5479,\"pName\":\"طب\",\"uName\":\"كليـة الطب-جامعة كرري - أم درمان\"},{\"program_id\":6461,\"pName\":\"طب الاسنان\",\"uName\":\"كليـة طب الفم والأسنان-جامعة كرري - أم درمان\"},{\"program_id\":5479,\"pName\":\"طب\",\"uName\":\"مدرسة الطـب-جامعة الأحفاد  للبنات\"},{\"program_id\":5479,\"pName\":\"طب\",\"uName\":\"الطب والجراحة-كلية الإمام الهادي - أم درمان\"},{\"program_id\":5479,\"pName\":\"طب\",\"uName\":\"كلية الطب-جامعة أم درمان الأهلية - أم درمان\"},{\"program_id\":5483,\"pName\":\"تمريض\",\"uName\":\"كليـة التمريض-جامعة كرري - أم درمان\"},{\"program_id\":5483,\"pName\":\"تمريض\",\"uName\":\" التمريض-جامعة كرري - أم درمان\"}]'),(87,'يتم المراجعة','2026-04-03 13:50:59.592573',157,NULL,'[{\"program_id\":5479,\"pName\":\"طب\",\"uName\":\"كليـة الطب-جامعة كرري - أم درمان\"},{\"program_id\":6461,\"pName\":\"طب الاسنان\",\"uName\":\"كليـة طب الفم والأسنان-جامعة كرري - أم درمان\"},{\"program_id\":5479,\"pName\":\"طب\",\"uName\":\"مدرسة الطـب-جامعة الأحفاد  للبنات\"},{\"program_id\":5479,\"pName\":\"طب\",\"uName\":\"الطب والجراحة-كلية الإمام الهادي - أم درمان\"},{\"program_id\":5479,\"pName\":\"طب\",\"uName\":\"كلية الطب-جامعة أم درمان الأهلية - أم درمان\"},{\"program_id\":5483,\"pName\":\"تمريض\",\"uName\":\"كليـة التمريض-جامعة كرري - أم درمان\"},{\"program_id\":5483,\"pName\":\"تمريض\",\"uName\":\" التمريض-جامعة كرري - أم درمان\"}]'),(88,'يتم المراجعة','2026-04-03 13:51:24.657254',158,NULL,'[{\"program_id\":5479,\"pName\":\"طب\",\"uName\":\"كليـة الطب-جامعة كرري - أم درمان\"},{\"program_id\":6461,\"pName\":\"طب الاسنان\",\"uName\":\"كليـة طب الفم والأسنان-جامعة كرري - أم درمان\"},{\"program_id\":5479,\"pName\":\"طب\",\"uName\":\"مدرسة الطـب-جامعة الأحفاد  للبنات\"},{\"program_id\":5479,\"pName\":\"طب\",\"uName\":\"الطب والجراحة-كلية الإمام الهادي - أم درمان\"},{\"program_id\":5479,\"pName\":\"طب\",\"uName\":\"كلية الطب-جامعة أم درمان الأهلية - أم درمان\"},{\"program_id\":5483,\"pName\":\"تمريض\",\"uName\":\"كليـة التمريض-جامعة كرري - أم درمان\"},{\"program_id\":5483,\"pName\":\"تمريض\",\"uName\":\" التمريض-جامعة كرري - أم درمان\"}]'),(89,'يتم المراجعة','2026-04-03 13:52:24.904790',159,NULL,'[{\"program_id\":5479,\"pName\":\"طب\",\"uName\":\"كليـة الطب-جامعة كرري - أم درمان\"},{\"program_id\":6461,\"pName\":\"طب الاسنان\",\"uName\":\"كليـة طب الفم والأسنان-جامعة كرري - أم درمان\"},{\"program_id\":5479,\"pName\":\"طب\",\"uName\":\"مدرسة الطـب-جامعة الأحفاد  للبنات\"},{\"program_id\":0,\"pName\":\"صيدله\",\"uName\":\"كليـة الصيــدلـة-جامعة العلوم والتقانة-امدرمان\"},{\"program_id\":0,\"pName\":\"صيدله\",\"uName\":\"الصيدلة-جامعة دلتا العلوم والتكنولوجيا\"},{\"program_id\":0,\"pName\":\"اشعه\",\"uName\":\"كليـة الأشعة التشخيصية-جامعة كرري - أم درمان\"}]'),(90,'يتم المراجعة','2026-04-03 16:31:09.072426',160,NULL,'[{\"program_id\":5532,\"pName\":\"كليـة الطب\",\"uName\":\"جامعة كرري\"}]'),(91,'يتم المراجعة','2026-04-03 16:31:50.561373',161,NULL,'[{\"program_id\":5532,\"pName\":\"كليـة الطب\",\"uName\":\"جامعة كرري\"}]'),(92,'يتم المراجعة','2026-04-03 16:31:57.859457',162,NULL,'[{\"program_id\":5532,\"pName\":\"كليـة الطب\",\"uName\":\"جامعة كرري\"}]'),(93,'يتم المراجعة','2026-04-03 16:32:39.940218',163,NULL,'[{\"program_id\":5532,\"pName\":\"كليـة الطب\",\"uName\":\"جامعة كرري\"}]'),(94,'يتم المراجعة','2026-04-03 16:37:39.913174',164,NULL,'[{\"program_id\":5532,\"pName\":\"كليـة الطب\",\"uName\":\"جامعة كرري\"}]'),(95,'يتم المراجعة','2026-04-03 16:38:22.391494',165,NULL,'[{\"program_id\":5532,\"pName\":\"كليـة الطب\",\"uName\":\"جامعة كرري\"},{\"program_id\":5533,\"pName\":\"كليـة طب الفم والأسنان\",\"uName\":\"جامعة كرري\"},{\"program_id\":5558,\"pName\":\"مدرسة الطـب\",\"uName\":\"جامعة الاحفاد\"},{\"program_id\":5615,\"pName\":\"كليـة طب الأســنان\",\"uName\":\"جامعة العلوم والتقانة\"},{\"program_id\":5956,\"pName\":\"الطب والجراحة\",\"uName\":\"كلية القلم للعلوم والتكنولوجيا – أم درمان\"}]'),(96,'يتم المراجعة','2026-04-03 16:40:00.213776',166,NULL,'[{\"program_id\":4335,\"pName\":\"كليـة الطــب\",\"uName\":\"جامعة الخرطــوم\"},{\"program_id\":4700,\"pName\":\"كليـة الطــب\",\"uName\":\"جامعة النيلين\"},{\"program_id\":4336,\"pName\":\"تقانة الأسنان\",\"uName\":\"جامعة الخرطــوم\"},{\"program_id\":4437,\"pName\":\"كلية الطب\",\"uName\":\"الطب والجراحة\"},{\"program_id\":4439,\"pName\":\"كلية الصيدلة\",\"uName\":\"جامعة السودان للعلوم والتكنولوجيا\"},{\"program_id\":4337,\"pName\":\"كليـة الصـيـدلـة\",\"uName\":\"جامعة الخرطــوم\"}]'),(97,'يتم المراجعة','2026-04-03 16:41:14.432519',167,NULL,'[{\"program_id\":4435,\"pName\":\"كليـة العلوم الهندسيـة قسـم الهندسة الكهربائية والإلكترونية\",\"uName\":\"جامعة أم درمان الاسلامية\"},{\"program_id\":4436,\"pName\":\"كليـة العـــمارة والتخطيـط\",\"uName\":\"جامعة أم درمان الاسلامية\"},{\"program_id\":0,\"pName\":\"كليـة العلوم الهندسيـة قسـم الهندسة الميكانيكية\",\"uName\":\"طلاب فقط\"},{\"program_id\":0,\"pName\":\"الهندسة المدنية\",\"uName\":\"جامعة أم درمان الاسلامية\"},{\"program_id\":0,\"pName\":\"هندسة التعدين\",\"uName\":\"جامعة أم درمان الاسلامية\"},{\"program_id\":0,\"pName\":\"كليـة العلوم الهندسيـة قسـم هندسة المسـاحة\",\"uName\":\"طلاب فقط\"},{\"program_id\":0,\"pName\":\"هندسة المعمار\",\"uName\":\"جامعة أم درمان الاسلامية\"}]'),(98,'يتم المراجعة','2026-04-03 16:42:27.694969',168,NULL,'[{\"program_id\":5544,\"pName\":\"كليـة الهندسة الكهربائية\",\"uName\":\"نظم التحكم\"},{\"program_id\":5544,\"pName\":\"كليـة الهندسة الكهربائية\",\"uName\":\"نظم القدرة\"},{\"program_id\":5544,\"pName\":\"كليـة الهندسة الكهربائية\",\"uName\":\"النظم الإلكترونية\"},{\"program_id\":5591,\"pName\":\"كليـة الهندسة\",\"uName\":\"هندسة العماره\"},{\"program_id\":5538,\"pName\":\"الهندسة المدنية\",\"uName\":\"إنشاءات\"},{\"program_id\":5620,\"pName\":\"كليـة الهندسة المدنية\",\"uName\":\"جامعة العلوم والتقانة\"}]'),(99,'يتم المراجعة','2026-04-03 16:43:46.773595',169,NULL,'[{\"program_id\":5644,\"pName\":\"كليـة القانون\",\"uName\":\"جامعة العلوم الطبية والتكنولوجيا\"},{\"program_id\":5756,\"pName\":\"كلية القانون\",\"uName\":\"جامعة قاردن سيتي\"},{\"program_id\":5474,\"pName\":\"كلية القانون\",\"uName\":\"جامعة السودان المفتوحة\"},{\"program_id\":6251,\"pName\":\"القانون\",\"uName\":\"كلية إمبريال - الخرطوم\"},{\"program_id\":5903,\"pName\":\"القانون\",\"uName\":\"أكاديمية السودان للعلوم المصرفية والمالية\"},{\"program_id\":5935,\"pName\":\"القانون\",\"uName\":\"الكلية الاردنية السودانية للعلوم والتكنولوجيا-الخر\"}]'),(100,'يتم المراجعة','2026-04-23 23:01:31.372010',170,NULL,'[{\"program_id\":0,\"pName\":\"التصميم الداخلى\",\"uName\":\"جامعة السودان التقانية\"},{\"program_id\":4760,\"pName\":\"كليـة الفنـون الجميـلة والتصميم – التصميم الداخلى\",\"uName\":\"جامعة النيلين\"},{\"program_id\":5500,\"pName\":\"كليـة القانون\",\"uName\":\"جامعة الرباط الوطني\"},{\"program_id\":4760,\"pName\":\"كليـة الفنـون الجميـلة والتصميم – التلوين\",\"uName\":\"جامعة النيلين\"},{\"program_id\":5644,\"pName\":\"كليـة القانون\",\"uName\":\"جامعة العلوم الطبية والتكنولوجيا\"},{\"program_id\":5756,\"pName\":\"كلية القانون\",\"uName\":\"جامعة قاردن سيتي\"},{\"program_id\":0,\"pName\":\"التسويق\",\"uName\":\"جامعة قاردن سيتي\"},{\"program_id\":5838,\"pName\":\"كلية التصميم الداخلي\",\"uName\":\" جامعة العلوم والدراسات التطبيقية \"}]'),(101,'يتم المراجعة','2026-04-24 02:10:04.521013',171,4335,'[{\"program_id\":5589,\"pName\":\"كلية الطب\",\"uName\":\"جامعة أم درمان الأهلية\"},{\"program_id\":5532,\"pName\":\"كليـة الطب\",\"uName\":\"جامعة كرري\"},{\"program_id\":5558,\"pName\":\"مدرسة الطـب\",\"uName\":\"جامعة الاحفاد\"},{\"program_id\":5537,\"pName\":\"كليـة الأشعة التشخيصية\",\"uName\":\"جامعة كرري\"},{\"program_id\":6474,\"pName\":\"الصيدلة\",\"uName\":\"جامعة دلتا العلوم والتكنولوجيا\"}]'),(102,'يتم المراجعة','2026-04-24 02:12:17.192481',172,NULL,'[{\"program_id\":5503,\"pName\":\"كليـة الصيدلـة\",\"uName\":\"جامعة افريقيا العالمية\"},{\"program_id\":5695,\"pName\":\"كلية الصيدلة السريرية والصناعية\",\"uName\":\"الجامعة الوطنية\"},{\"program_id\":6101,\"pName\":\"الصيدلة\",\"uName\":\"كلية النهضة\"},{\"program_id\":6199,\"pName\":\"الصيدلة\",\"uName\":\"كلية الحياة\"},{\"program_id\":6281,\"pName\":\"الصيدلة\",\"uName\":\"كلية طيبة للعلوم والتكنولوجيا\"},{\"program_id\":6190,\"pName\":\"الصيدلة\",\"uName\":\"كلية الفجر للعلوم والتكنولوجيا\"}]'),(103,'يتم المراجعة','2026-04-24 02:24:12.062053',173,NULL,'[{\"program_id\":5503,\"pName\":\"كليـة الصيدلـة\",\"uName\":\"جامعة افريقيا العالمية\"},{\"program_id\":5695,\"pName\":\"كلية الصيدلة السريرية والصناعية\",\"uName\":\"الجامعة الوطنية\"},{\"program_id\":6101,\"pName\":\"الصيدلة\",\"uName\":\"كلية النهضة\"},{\"program_id\":6199,\"pName\":\"الصيدلة\",\"uName\":\"كلية الحياة\"},{\"program_id\":6281,\"pName\":\"الصيدلة\",\"uName\":\"كلية طيبة للعلوم والتكنولوجيا\"},{\"program_id\":6190,\"pName\":\"الصيدلة\",\"uName\":\"كلية الفجر للعلوم والتكنولوجيا\"}]'),(104,'يتم المراجعة','2026-04-24 02:25:25.849409',174,NULL,'[{\"program_id\":6057,\"pName\":\"تقنية المعلومات\",\"uName\":\"جامعة أم درمان الأهلية\"},{\"program_id\":5553,\"pName\":\"كليـة الحاسـوب – نظم المعلومات\",\"uName\":\"جامعة كرري\"}]'),(105,'يتم المراجعة','2026-04-26 16:08:45.786586',175,NULL,'[{\"program_id\":5536,\"pName\":\"كليـة التمريض\",\"uName\":\"جامعة كرري\"},{\"program_id\":5618,\"pName\":\"كلية علوم التمريض\",\"uName\":\"جامعة العلوم والتقانة\"},{\"program_id\":6401,\"pName\":\"علوم التمريض\",\"uName\":\"كلية ابوروف للعلوم والتكنولوجيا -امدرمان\"},{\"program_id\":5149,\"pName\":\"كلية  الصـحة العامــة وصحة البيئة\",\"uName\":\"جامعة الإمام المهدي\"},{\"program_id\":4423,\"pName\":\"كليـة العلـوم والتقانة\",\"uName\":\"التغذيـة وعلوم الأغذيـة\"}]'),(106,'يتم المراجعة','2026-04-26 20:46:06.358238',176,NULL,'[{\"program_id\":5536,\"pName\":\"التمريض\",\"uName\":\"جامعة كرري\"},{\"program_id\":5618,\"pName\":\"كلية علوم التمريض\",\"uName\":\"جامعة العلوم والتقانة\"},{\"program_id\":5959,\"pName\":\"علوم التمريض\",\"uName\":\"كلية الإمام الهادي\"},{\"program_id\":5820,\"pName\":\"كلية علوم التمريض\",\"uName\":\"جامعة النصر  -  أم درمان\"}]'),(107,'يتم المراجعة','2026-04-28 15:37:38.192939',177,NULL,'[{\"program_id\":5146,\"pName\":\"كلية  الطـب\",\"uName\":\"جامعة الإمام المهدي\"},{\"program_id\":4408,\"pName\":\"كلية طب الأسنان\",\"uName\":\"جامعة أم درمان الاسلامية\"},{\"program_id\":4396,\"pName\":\"كليـة التربيـة\",\"uName\":\"الكـيـمـيـاء + الأحيـاء\"}]'),(108,'يتم المراجعة','2026-04-28 15:43:12.159310',178,NULL,'[{\"program_id\":5146,\"pName\":\"كلية  الطـب\",\"uName\":\"جامعة الإمام المهدي\"},{\"program_id\":4408,\"pName\":\"كلية طب الأسنان\",\"uName\":\"جامعة أم درمان الاسلامية\"},{\"program_id\":4396,\"pName\":\"كليـة التربيـة\",\"uName\":\"الكـيـمـيـاء + الأحيـاء\"}]'),(109,'يتم المراجعة','2026-04-28 15:44:19.059531',179,NULL,'[{\"program_id\":5146,\"pName\":\"كلية  الطـب\",\"uName\":\"جامعة الإمام المهدي\"},{\"program_id\":4408,\"pName\":\"كلية طب الأسنان\",\"uName\":\"جامعة أم درمان الاسلامية\"},{\"program_id\":4396,\"pName\":\"كليـة التربيـة\",\"uName\":\"الكـيـمـيـاء + الأحيـاء\"}]'),(110,'يتم المراجعة','2026-04-28 15:45:41.033227',180,NULL,'[{\"program_id\":5146,\"pName\":\"كلية  الطـب\",\"uName\":\"جامعة الإمام المهدي\"},{\"program_id\":4408,\"pName\":\"كلية طب الأسنان\",\"uName\":\"جامعة أم درمان الاسلامية\"},{\"program_id\":4396,\"pName\":\"كليـة التربيـة\",\"uName\":\"الكـيـمـيـاء + الأحيـاء\"}]'),(111,'يتم المراجعة','2026-04-28 15:47:08.176454',181,NULL,'[{\"program_id\":5146,\"pName\":\"كلية  الطـب\",\"uName\":\"جامعة الإمام المهدي\"},{\"program_id\":4408,\"pName\":\"كلية طب الأسنان\",\"uName\":\"جامعة أم درمان الاسلامية\"},{\"program_id\":4396,\"pName\":\"كليـة التربيـة\",\"uName\":\"الكـيـمـيـاء + الأحيـاء\"}]'),(112,'يتم المراجعة','2026-04-28 15:50:35.916141',182,NULL,'[{\"program_id\":5146,\"pName\":\"كلية  الطـب\",\"uName\":\"جامعة الإمام المهدي\"},{\"program_id\":4408,\"pName\":\"كلية طب الأسنان\",\"uName\":\"جامعة أم درمان الاسلامية\"},{\"program_id\":4396,\"pName\":\"كليـة التربيـة\",\"uName\":\"الكـيـمـيـاء + الأحيـاء\"}]'),(113,'يتم المراجعة','2026-04-28 15:53:57.826765',183,NULL,'[{\"program_id\":5146,\"pName\":\"كلية  الطـب\",\"uName\":\"جامعة الإمام المهدي\"},{\"program_id\":4408,\"pName\":\"كلية طب الأسنان\",\"uName\":\"جامعة أم درمان الاسلامية\"},{\"program_id\":4396,\"pName\":\"كليـة التربيـة\",\"uName\":\"الكـيـمـيـاء + الأحيـاء\"}]'),(114,'يتم المراجعة','2026-04-28 15:55:08.183631',184,NULL,'[{\"program_id\":5146,\"pName\":\"كلية  الطـب\",\"uName\":\"جامعة الإمام المهدي\"},{\"program_id\":4408,\"pName\":\"كلية طب الأسنان\",\"uName\":\"جامعة أم درمان الاسلامية\"},{\"program_id\":4396,\"pName\":\"كليـة التربيـة\",\"uName\":\"الكـيـمـيـاء + الأحيـاء\"}]'),(115,'يتم المراجعة','2026-04-28 15:56:45.552342',185,NULL,'[{\"program_id\":\"4330\",\"pName\":\"كليـة الآداب\",\"uName\":\"\\n                                            جامعة الخرطــوم (حكومية)\\n                                        \"},{\"program_id\":\"4331\",\"pName\":\"كليـة علوم الجغرافيا والبيئة\",\"uName\":\"\\n                                            جامعة الخرطــوم (حكومية)\\n                                        \"}]'),(116,'يتم المراجعة','2026-04-28 16:38:15.866183',186,NULL,'[{\"program_id\":\"4330\",\"pName\":\"كليـة الآداب\",\"uName\":\"\\n                                            جامعة الخرطــوم (حكومية)\\n                                        \"},{\"program_id\":\"4331\",\"pName\":\"كليـة علوم الجغرافيا والبيئة\",\"uName\":\"\\n                                            جامعة الخرطــوم (حكومية)\\n                                        \"}]'),(117,'يتم المراجعة','2026-04-28 16:39:39.633772',187,NULL,'[{\"program_id\":\"4331\",\"pName\":\"كليـة علوم الجغرافيا والبيئة\",\"uName\":\"\\n                                            جامعة الخرطــوم (حكومية)\\n                                        \"},{\"program_id\":\"4332\",\"pName\":\"كليـة الدراسـات الإقتصادية والاجتماعيـة\",\"uName\":\"\\n                                            جامعة الخرطــوم (حكومية)\\n                                        \"}]'),(118,'يتم المراجعة','2026-04-28 20:22:41.260748',188,NULL,'[{\"program_id\":\"4330\",\"pName\":\"كليـة الآداب\",\"uName\":\"\\n                                            جامعة الخرطــوم (حكومية)\\n                                        \"}]'),(119,'يتم المراجعة','2026-04-28 20:34:43.302683',189,NULL,'[{\"program_id\":\"4330\",\"pName\":\"كليـة الآداب\",\"uName\":\"\\n                                            جامعة الخرطــوم (حكومية)\\n                                        \"}]'),(120,'يتم المراجعة','2026-04-28 20:41:41.605535',190,NULL,'[{\"program_id\":5532,\"pName\":\"كليـة الطب\",\"uName\":\"جامعة كرري\"},{\"program_id\":5533,\"pName\":\"كليـة طب الفم والأسنان\",\"uName\":\"جامعة كرري\"},{\"program_id\":5558,\"pName\":\"مدرسة الطـب\",\"uName\":\"جامعة الاحفاد\"},{\"program_id\":6070,\"pName\":\"الطب\",\"uName\":\"جامعة دلتا العلوم والتكنولوجيا\"},{\"program_id\":5956,\"pName\":\"الطب والجراحة\",\"uName\":\"كلية الإمام الهادي\"},{\"program_id\":5589,\"pName\":\"كلية الطب\",\"uName\":\"جامعة أم درمان الأهلية\"}]'),(121,'يتم المراجعة','2026-04-29 16:01:59.366506',191,NULL,'[{\"program_id\":5532,\"pName\":\"كليـة الطب\",\"uName\":\"جامعة كرري\"},{\"program_id\":5533,\"pName\":\"كليـة طب الفم والأسنان\",\"uName\":\"جامعة كرري\"},{\"program_id\":5558,\"pName\":\"مدرسة الطـب\",\"uName\":\"جامعة الاحفاد\"}]'),(122,'يتم المراجعة','2026-04-29 16:24:24.578664',192,NULL,'[{\"program_id\":5532,\"pName\":\"كليـة الطب\",\"uName\":\"جامعة كرري\"},{\"program_id\":5533,\"pName\":\"كليـة طب الفم والأسنان\",\"uName\":\"جامعة كرري\"},{\"program_id\":5558,\"pName\":\"مدرسة الطـب\",\"uName\":\"جامعة الاحفاد\"},{\"program_id\":5614,\"pName\":\"كليـة الطــــــب\",\"uName\":\"جامعة العلوم والتقانة\"},{\"program_id\":5956,\"pName\":\"الطب والجراحة\",\"uName\":\"كلية القلم للعلوم والتكنولوجيا – أم درمان\"},{\"program_id\":6073,\"pName\":\"العلاج الطبيعي\",\"uName\":\"جامعة دلتا العلوم والتكنولوجيا\"}]'),(123,'يتم المراجعة','2026-04-29 16:35:40.388611',193,NULL,'[{\"program_id\":5532,\"pName\":\"كليـة الطب\",\"uName\":\"جامعة كرري\"},{\"program_id\":5533,\"pName\":\"كليـة طب الفم والأسنان\",\"uName\":\"جامعة كرري\"},{\"program_id\":5558,\"pName\":\"مدرسة الطـب\",\"uName\":\"جامعة الاحفاد\"},{\"program_id\":5536,\"pName\":\"التمريض\",\"uName\":\"جامعة كرري\"},{\"program_id\":5536,\"pName\":\"كليـة التمريض\",\"uName\":\"جامعة كرري\"},{\"program_id\":5535,\"pName\":\"كليـة المختبرات الطبية\",\"uName\":\"جامعة كرري\"}]');
/*!40000 ALTER TABLE `addmission_app_application` ENABLE KEYS */;
UNLOCK TABLES;

--
-- Table structure for table `addmission_app_choice`
--

DROP TABLE IF EXISTS `addmission_app_choice`;
/*!40101 SET @saved_cs_client     = @@character_set_client */;
/*!50503 SET character_set_client = utf8mb4 */;
CREATE TABLE `addmission_app_choice` (
  `id` bigint NOT NULL AUTO_INCREMENT,
  `priority` int NOT NULL,
  `application_id` bigint NOT NULL,
  `program_id` bigint DEFAULT NULL,
  `is_matched` tinyint(1) NOT NULL,
  PRIMARY KEY (`id`),
  KEY `addmission_app_choic_application_id_89aee06d_fk_addmissio` (`application_id`),
  KEY `addmission_app_choic_program_id_5240ad3a_fk_addmissio` (`program_id`),
  CONSTRAINT `addmission_app_choic_application_id_89aee06d_fk_addmissio` FOREIGN KEY (`application_id`) REFERENCES `addmission_app_application` (`id`)
) ENGINE=InnoDB AUTO_INCREMENT=304 DEFAULT CHARSET=utf8mb4 COLLATE=utf8mb4_0900_ai_ci;
/*!40101 SET character_set_client = @saved_cs_client */;

--
-- Dumping data for table `addmission_app_choice`
--

LOCK TABLES `addmission_app_choice` WRITE;
/*!40000 ALTER TABLE `addmission_app_choice` DISABLE KEYS */;
INSERT INTO `addmission_app_choice` VALUES (69,1,57,NULL,0),(70,2,57,NULL,0),(71,3,57,NULL,0),(72,4,57,NULL,0),(73,5,57,NULL,0),(74,1,58,NULL,0),(75,2,58,NULL,0),(76,3,58,NULL,0),(77,4,58,NULL,0),(78,5,58,NULL,0),(79,1,59,4338,0),(80,2,59,6461,0),(81,3,59,4338,0),(82,4,59,4338,0),(83,5,59,4338,0),(84,1,60,4338,0),(85,2,60,6461,0),(86,3,60,4338,0),(87,4,60,6461,0),(88,5,60,4338,0),(89,1,61,NULL,0),(90,2,61,NULL,0),(91,3,61,NULL,0),(92,4,61,NULL,0),(93,5,61,NULL,0),(94,1,62,NULL,0),(95,2,62,NULL,0),(96,3,62,NULL,0),(97,4,62,NULL,0),(98,5,62,NULL,0),(99,1,63,NULL,0),(100,2,63,NULL,0),(101,3,63,NULL,0),(102,4,63,NULL,0),(103,5,63,NULL,0),(104,1,64,NULL,0),(105,2,64,NULL,0),(106,3,64,NULL,0),(107,4,64,NULL,0),(108,5,64,NULL,0),(109,1,65,NULL,0),(110,2,65,NULL,0),(111,3,65,NULL,0),(112,4,65,NULL,0),(113,5,65,NULL,0),(114,1,66,NULL,0),(115,2,66,NULL,0),(116,3,66,NULL,0),(117,4,66,5633,0),(118,5,66,NULL,0),(119,1,67,NULL,0),(120,1,68,NULL,0),(121,1,69,NULL,0),(122,1,70,NULL,0),(123,1,71,NULL,0),(124,1,72,NULL,0),(125,1,73,4331,0),(126,2,73,4333,0),(127,1,74,4335,0),(128,2,74,4337,0),(129,3,74,4339,0),(130,1,75,NULL,0),(131,1,76,5479,0),(132,1,77,5479,0),(133,1,78,NULL,0),(134,1,79,NULL,0),(135,1,80,NULL,0),(136,1,81,NULL,0),(137,1,82,NULL,0),(138,2,82,NULL,0),(139,1,83,NULL,0),(140,2,83,NULL,0),(141,1,84,4338,0),(142,2,84,4338,0),(143,3,84,4338,0),(144,4,84,4338,0),(145,5,84,6461,0),(146,6,84,4338,0),(147,1,85,5479,0),(148,2,85,5479,0),(149,3,85,5479,0),(150,4,85,5479,0),(151,5,85,6461,0),(152,6,85,5479,0),(153,1,86,5479,0),(154,2,86,6461,0),(155,3,86,5479,0),(156,4,86,5479,0),(157,5,86,5479,0),(158,6,86,5483,0),(159,7,86,5483,0),(160,1,87,5479,0),(161,2,87,6461,0),(162,3,87,5479,0),(163,4,87,5479,0),(164,5,87,5479,0),(165,6,87,5483,0),(166,7,87,5483,0),(167,1,88,5479,0),(168,2,88,6461,0),(169,3,88,5479,0),(170,4,88,5479,0),(171,5,88,5479,0),(172,6,88,5483,0),(173,7,88,5483,0),(174,1,89,5479,0),(175,2,89,6461,0),(176,3,89,5479,0),(177,4,89,NULL,0),(178,5,89,NULL,0),(179,6,89,NULL,0),(180,1,90,4335,0),(181,1,91,5532,0),(182,1,92,5532,0),(183,1,93,5532,0),(184,1,94,5532,0),(185,1,95,5532,0),(186,2,95,5533,0),(187,3,95,5558,0),(188,4,95,5615,0),(189,5,95,5956,0),(190,1,96,4335,0),(191,2,96,4700,0),(192,3,96,4336,0),(193,4,96,4437,0),(194,5,96,4439,0),(195,6,96,4337,0),(196,1,97,4435,0),(197,2,97,4436,0),(198,3,97,NULL,0),(199,4,97,NULL,0),(200,5,97,NULL,0),(201,6,97,NULL,0),(202,7,97,NULL,0),(203,1,98,5544,0),(204,2,98,5544,0),(205,3,98,5544,0),(206,4,98,5591,0),(207,5,98,5538,0),(208,6,98,5620,0),(209,1,99,5644,0),(210,2,99,5756,0),(211,3,99,5474,0),(212,4,99,6251,0),(213,5,99,5903,0),(214,6,99,5935,0),(215,1,100,NULL,0),(216,2,100,4760,0),(217,3,100,4333,0),(218,4,100,4760,0),(219,5,100,4333,0),(220,6,100,4333,0),(221,7,100,NULL,0),(222,8,100,NULL,0),(223,1,101,4335,0),(224,2,101,4335,0),(225,3,101,4335,0),(226,4,101,NULL,0),(227,5,101,NULL,0),(228,1,102,4337,0),(229,2,102,NULL,0),(230,3,102,NULL,0),(231,4,102,NULL,0),(232,5,102,NULL,0),(233,6,102,NULL,0),(234,1,103,5503,0),(235,2,103,5695,0),(236,3,103,6101,0),(237,4,103,6199,0),(238,5,103,6281,0),(239,6,103,6190,0),(240,1,104,6057,0),(241,2,104,5553,0),(242,1,105,5400,0),(243,2,105,4339,0),(244,3,105,NULL,0),(245,4,105,5149,0),(246,5,105,NULL,0),(247,1,106,5400,0),(248,2,106,4339,0),(249,3,106,NULL,0),(250,4,106,4339,0),(251,1,107,5146,0),(252,2,107,4408,0),(253,3,107,NULL,0),(254,1,108,5146,0),(255,2,108,4408,0),(256,3,108,NULL,0),(257,1,109,5146,0),(258,2,109,4408,0),(259,3,109,NULL,0),(260,1,110,5146,0),(261,2,110,4408,0),(262,3,110,NULL,0),(263,1,111,5146,0),(264,2,111,4408,0),(265,3,111,NULL,0),(266,1,112,5146,0),(267,2,112,4408,0),(268,3,112,NULL,0),(269,1,113,5146,0),(270,2,113,4408,0),(271,3,113,NULL,0),(272,1,114,5146,0),(273,2,114,4408,0),(274,3,114,NULL,0),(275,1,115,4330,0),(276,2,115,4331,0),(277,1,116,4330,0),(278,2,116,4331,0),(279,1,117,4331,0),(280,2,117,4332,0),(281,1,118,4330,0),(282,1,119,4330,0),(283,1,120,4335,0),(284,2,120,4336,0),(285,3,120,4335,0),(286,4,120,NULL,0),(287,5,120,NULL,0),(288,6,120,4335,0),(289,1,121,4335,0),(290,2,121,4336,0),(291,3,121,4335,0),(292,1,122,4335,0),(293,2,122,4336,0),(294,3,122,4335,0),(295,4,122,4335,0),(296,5,122,NULL,0),(297,6,122,NULL,0),(298,1,123,4335,0),(299,2,123,4336,0),(300,3,123,4335,0),(301,4,123,5400,0),(302,5,123,5400,0),(303,6,123,4338,0);
/*!40000 ALTER TABLE `addmission_app_choice` ENABLE KEYS */;
UNLOCK TABLES;

--
-- Table structure for table `addmission_app_program`
--

DROP TABLE IF EXISTS `addmission_app_program`;
/*!40101 SET @saved_cs_client     = @@character_set_client */;
/*!50503 SET character_set_client = utf8mb4 */;
CREATE TABLE `addmission_app_program` (
  `id` bigint NOT NULL AUTO_INCREMENT,
  `name` varchar(200) NOT NULL,
  `university_id` bigint NOT NULL,
  PRIMARY KEY (`id`),
  KEY `addmission_app_progr_university_id_295ee98a_fk_addmissio` (`university_id`),
  CONSTRAINT `addmission_app_progr_university_id_295ee98a_fk_addmissio` FOREIGN KEY (`university_id`) REFERENCES `addmission_app_university` (`id`)
) ENGINE=InnoDB AUTO_INCREMENT=6483 DEFAULT CHARSET=utf8mb4 COLLATE=utf8mb4_0900_ai_ci;
/*!40101 SET character_set_client = @saved_cs_client */;

--
-- Dumping data for table `addmission_app_program`
--

LOCK TABLES `addmission_app_program` WRITE;
/*!40000 ALTER TABLE `addmission_app_program` DISABLE KEYS */;
INSERT INTO `addmission_app_program` VALUES (4330,'كليـة الآداب',333),(4331,'كليـة علوم الجغرافيا والبيئة',333),(4332,'كليـة الدراسـات الإقتصادية والاجتماعيـة',333),(4333,'كليـة القـانـون',333),(4334,'مدرسة العلـوم الإداريـة',333),(4335,'كليـة الطــب',333),(4336,'كليـة طـب الأسـنان',333),(4337,'كليـة الصـيـدلـة',333),(4338,'كليـة علـوم المختبـرات الطبيـة',333),(4339,'كليـة علوم الـتـمـريـض',333),(4340,'كليـة الصحـة العـامـة وصحـة الـبـيـئــة',333),(4341,'كليـة الطب البيطري',333),(4342,'كليـة الإنتـاج الحيواني',333),(4343,'كليـة الـزراعـة',333),(4344,'كليـة الغـابــات',333),(4345,'كليـة العمـارة',333),(4346,'كليـة الهندسـة قسـم المـدنية',333),(4347,'كليـة الهندسـة قسـم الميكـانيكية',333),(4348,'كليـة الهندسـة قسـم الكهربـائية',333),(4349,'كليـة الهندسـة قسـم الكيميـائية',333),(4350,'كليـة الهندسـة قسـم المسـاحة',333),(4351,'كليـة الهندسـة قسـم الزراعيـة والبيولوجية',333),(4352,'كليـة الهندسـة قسـم النفـط والغاز الطبيعي',333),(4353,'كليـة الهندسـة قسـم التعـديـن',333),(4354,'كليـة العلـوم قسـم الأحياء',333),(4355,'كليـة العلـوم قسـم الفيزياء',333),(4356,'كليـة العلـوم الريـاضية قسم الحـاسوب',333),(4357,'كليـة العلوم الرياضية قسم تقانة المعلومـات',333),(4358,'كليـة العلـوم الريـاضية قسم الريـاضيات',333),(4359,'كليـة العلـوم الريـاضية قسم الإحصاء',333),(4360,'كليـة العلـوم الريـاضية قسم ( الريـاضيات + علوم الحـاسوب)',333),(4361,'كليـة العلـوم الريـاضية قسم (الإحصاء +علوم الحـاسوب )',333),(4362,'كليـة التربية قسـم الأحيـاء',333),(4363,'كليـة التربيـة قسـم الكيميـاء',333),(4364,'كليـة التربيـة قسـم الريـاضيـات',333),(4365,'كليـة التربيـة قسـم الفيزيـاء',333),(4366,'كليـة التربيـة قسم العلوم الاسرية – التغذية الصحية والعلاجية',333),(4367,'كليـة التربيـة قسـم اللغة العربيـة',333),(4368,'كليـة التربيـة قسـم اللغة الانجليزيـة',333),(4369,'كليـة التربيـة قسـم اللغة الفرنسيـة',333),(4370,'كليـة التربيـة قسـم الجغرافيــــا',333),(4371,'كليـة التربيـة قسـم التــاريـــخ',333),(4372,'كليـة التربيـة قسـم علم نفس تربـوى',333),(4373,'كليـة التربيـة قسم التعليم قبل المدرسة',333),(4374,'كليـة التربيـة قسم التربية الخاصة',333),(4375,'كليـة التربيـة التعليم الأسـاسي ( إبتدائي – متوسط )',333),(4376,'كليـة التربيـة قسم التربية البدنية الرياضية (البدنية)',333),(4377,'كليـة أصـول الـديـن',334),(4378,'كليـة الدعــوة',334),(4379,'كليـة الشـريعـة والـقـانـون',334),(4380,'كليـة الإعـــــــــــلام',334),(4381,'كليـة الآداب',334),(4382,'كليـة الآداب قسـم اللغـة الإنجلـيزية',334),(4383,'كليـة الآداب قسـم اللغـة الفرنسية',334),(4384,'كليـة الآداب قسم علم النفـس',334),(4385,'كليـة الآداب قسم الخدمة الإجتماعيـة',334),(4386,'كليـة الآداب قسم علم الاجتمـاع',334),(4387,'كليـة الإقتصاد والعلــوم السـياسـية - الإقتصاد',334),(4388,'كليـة الإقتصاد والعلــوم السـياسـية - الإقتصاد - المعيلق',334),(4389,'كليـة الإقتصاد والعلــوم السـياسـية - الإحصاء',334),(4390,'كليـة الإقتصاد والعلــوم السـياسـية - العلوم السياسيـة',334),(4391,'كليـة العلـوم الإداريـة - المحـاسبة',334),(4392,'كليـة العلـوم الإداريـة - المحـاسبة – المعيلق',334),(4393,'كليـة العلـوم الإداريـة - إدارة الأعمـال',334),(4394,'كليـة العلـوم الإداريـة - التسويق',334),(4395,'كليـة اللغـة العـربيـة',334),(4396,'كليـة التربيـة - الأحيـاء + الكـيـمـيـاء',334),(4397,'كليـة التربيـة - الكـيـمـيـاء + الأحيـاء',334),(4398,'كليـة التربيـة - الريـاضيـات + الفيزيـاء',334),(4399,'كليـة التربيـة - الفيزيـاء + الريـاضيـات',334),(4400,'كليـة التربيـة - العلـوم الأســريـة – طالبات فقط',334),(4401,'كليـة التربيـة - اللغـة العـربيــــة',334),(4402,'كليـة التربيـة - اللغة الإنجليزيـة',334),(4403,'كليـة التربيـة - الجغرافيـا + التاريـخ',334),(4404,'كليـة التربيـة - التاريـخ + الجغرافيـا',334),(4405,'كليـة التربيـة - الدراسـات الإسـلامية',334),(4406,'كليـة التربيـة - رياض الأطفال والتربية الخاصة - طالبات فقط',334),(4407,'كليـة الـطـب والعلـوم الصحيـة',334),(4408,'كليـة طـب الأسنان',334),(4409,'كليـة الـصـيـدلــة',334),(4410,'كليـة المختبـرات الطبيـة',334),(4411,'كليـة التمريـض – طالبات فقط',334),(4412,'كليـة التمريـض – طالبات فقط – المعيلق',334),(4413,'كليـة علـوم الحاسوب وتقانة المعلومات - علوم الحـاسوب',334),(4414,'كليـة علـوم الحاسوب وتقانة المعلومات - نظم المعـلومات',334),(4415,'كليـة علـوم الحاسوب وتقانة المعلومات - تقانة المعـلومات',334),(4416,'كليـة العلـوم والتقانة - الرياضيـات',334),(4417,'كليـة العلـوم والتقانة - الفيزيـاء',334),(4418,'كليـة العلـوم والتقانة - الجيولوجيـا',334),(4419,'كليـة العلـوم والتقانة - الكيميـاء',334),(4420,'كليـة العلـوم والتقانة – الأحياء ( نبات – حيوان )',334),(4421,'كليـة العلـوم والتقانة - التقانة الإحيائيـة',334),(4422,'كليـة العلـوم والتقانة - التغذيـة وتقنية الأغذيـة',334),(4423,'كليـة العلـوم  والتقانة - الفلك والإرصاد الجوية',334),(4424,'كليـة الزراعة – المحاصيل الحقلية',334),(4425,'كليـة الزراعة – وقاية النباتات',334),(4426,'كليـة الزراعة – البساتين',334),(4427,'كليـة الزراعة – الإقتصاد الزراعي والتنمية الريفية',334),(4428,'كليـة الزراعة – الانتاج الحيوانى',334),(4429,'كليـة الزراعة – علوم وتقانة الاغذية',334),(4430,'كليـة الزراعة – الهندسة الزراعية',334),(4431,'كليـة العلوم الهندسية قسـم الهندسة الميكانيكية - طلاب فقط',334),(4432,'كليـة العلوم الهندسية قسـم الهندسة الكهربائية والإلكترونية',334),(4433,'كليـة العلوم الهندسية قسـم هندسة المسـاحة - طلاب فقط',334),(4434,'كليـة العلوم الهندسية قسـم هندسة التعـديـن - طلاب فقط',334),(4435,'كليـة العلوم الهندسية قسـم الهندسة المدنيـة',334),(4436,'كليـة العـــمارة والتخطيـط',334),(4437,'كلية الطب - الطب والجراحة',335),(4438,'كلية طب الأسنان',335),(4439,'كلية الصيدلة',335),(4440,'كليـة علوم المختبرات الطبية - علوم المختبـرات الطبيــة',335),(4441,'كليـة علوم الأشـعة الطبيـة - تكنولوجيا الأشعة التشخيصية',335),(4442,'كليـة علوم الأشـعة الطبيـة - تكنولوجيا العلاج بالأشعة',335),(4443,'كليـة الهندسـة - الهندسة الميكانيـكية',335),(4444,'كليـة الهندسـة - الهندسة الكهربائيـة',335),(4445,'كليـة الهندسـة - الهندسة المدنيـة',335),(4446,'كليـة الهندسـة - هندسـة الإلكترونيات',335),(4447,'كليـة الهندسـة - هندسـة الطيران',335),(4448,'كليـة الهندسـة - الهندسة الطبية الحيوية',335),(4449,'كليـة الهندسـة - هندسـة المساحة',335),(4450,'كليـة الهندسـة - البكالوريوس التكنولوجى هندسة مدنية',335),(4451,'كليـة الهندسـة - البكالوريوس التكنولوجى هندسة كهربائية',335),(4452,'كليـة الهندسـة - البكالوريوس التكنولوجى هندسة ميكانيكية',335),(4453,'كليـة الهندسـة - البكالوريوس التكنولوجى هندسة الكترونية',335),(4454,'كليـة الهندسـة - البكالوريوس التكنولوجى هندسـة المساحة',335),(4455,'كليـة هندسـة النفط والتعدين - هندسة النفط',335),(4456,'كليـة هندسـة النفط والتعدين - هندسة إستكشاف النفط  )طلاب فقط )',335),(4457,'كليـة هندسـة النفط والتعدين - هندسة نقل وتكرير النفط',335),(4458,'كليـة هندسـة النفط والتعدين - هندسة التعدين ( طلاب فقط )',335),(4459,'كليـة العمارة والتخطيط',335),(4460,'كليـة هندسـة وتكنولوجيا الصناعات - الهندسة الكيميائية',335),(4461,'كليـة هندسـة وتكنولوجيا الصناعات - هندسة النسيج',335),(4462,'كليـة هندسـة وتكنولوجيا الصناعات - هندسة البولمير (تصنيع بلاستيك )',335),(4463,'كليـة هندسـة وتكنولوجيا الصناعات - البولمير (مواد مركبة )',335),(4464,'كليـة هندسـة وتكنولوجيا الصناعات - هندسة الصناعات الجلدية',335),(4465,'كليـة هندسـة وتكنولوجيا الصناعات - البكالوريوس التكنولوجى فى هندسة تصنيع الأغذية',335),(4466,'كليـة هندسة المياه والبيئة - هندسة موارد المياه',335),(4467,'كليـة هندسة المياه والبيئة - الهندسة البيئية',335),(4468,'كليـة علوم الحاسوب وتقانة المعلومات - علوم الحاسوب',335),(4469,'كليـة علوم الحاسوب وتقانة المعلومات - الحاسوب ونظم المعلومات',335),(4470,'كليـة علوم الحاسوب وتقانة المعلومات - نظم الحاسوب والشبكات',335),(4471,'كليـة علوم الحاسوب وتقانة المعلومات - هندسة البرمجيات',335),(4472,'كليـة علوم الحاسوب وتقانة المعلومات - تقانة المعلومات',335),(4473,'كليـة العلــوم - الرياضيـــات',335),(4474,'كليـة العلــوم - الفيزيـــــاء',335),(4475,'كليـة العلــوم - الكيميـــــاء',335),(4476,'كليـة العلــوم - الإحصاء',335),(4477,'كليـة العلــوم – الجيولوجيا',335),(4478,'كليـة العلــوم – النبات',335),(4479,'كليـة العلــوم – علم الحيوان',335),(4480,'كليـة العلــوم – الكيمياء الحيوية',335),(4481,'كليـة العلــوم - المختبرات العلمية - كيميــــاء',335),(4482,'كليـة العلــوم - المختبرات العلمية - فيزيــــاء',335),(4483,'كليـة العلــوم – البكالوريوس التكنولوجى فى الفيزيـــــاء',335),(4484,'كليـة العلــوم – البكالوريوس التكنولوجى فى الكيمياء',335),(4485,'كليـة الدراسات التجارية - المحاسبة والتمويل',335),(4486,'كليـة الدراسات التجارية - التكاليف والمحاسبة الادارية',335),(4487,'كليـة الدراسات التجارية - البنوك والتمويل',335),(4488,'كليـة الدراسات التجارية - إدارة الأعمال',335),(4489,'كليـة الدراسات التجارية - الإقتصاد التطبيقي',335),(4490,'كليـة الدراسات التجارية - نظم المعلومات الإدارية',335),(4491,'كليـة الدراسات التجارية – التسويق',335),(4492,'كليـة الدراسات التجارية - الســـــكرتارية',335),(4493,'كليـة التربيـة ريـاضيـات',335),(4494,'كليـة التربيـة كيميـــاء',335),(4495,'كليـة التربيـة فيزيــاء',335),(4496,'كليـة التربيـة لغـة إنجليزيـة',335),(4497,'كليـة التربيـة لغة فرنسيـة',335),(4498,'كليـة التربيـة علـم النفـس',335),(4499,'كليـة التربيـة لغـة عربيـة',335),(4500,'كليـة التربيـة التقنيـة - كهربـاء',335),(4501,'كليـة التربيـة التقنيـة - ميكانيكـا',335),(4502,'كليـة التربيـة التقنيـة - مدنيـة',335),(4503,'كليـة التربيـة الفنيـة',335),(4504,'كليـة التربيـة التعليم الأسـاسي ( إبتدائي – متوسط )',335),(4505,'كليـة التربيـة التعليم قبل المدرسة - طالبات فقط',335),(4506,'كليـة الفنـون الجميـلة والتطبيقيـة',335),(4507,'كليـة الدراسـات الزراعيـة - تكنولوجيـا الأغذيـة',335),(4508,'كليـة الدراسـات الزراعيـة - وقايـة النبــات',335),(4509,'كليـة الدراسـات الزراعيـة - إرشاد زراعي وتنمية ريفية',335),(4510,'كليـة الدراسـات الزراعيـة - الهندسـة الزراعيــــة',335),(4511,'كليـة الدراسـات الزراعيـة - البســـــــــاتين',335),(4512,'كليـة الدراسـات الزراعيـة - إنتـاج حيوانـي',335),(4513,'كليـة الدراسـات الزراعيـة - علـوم التربـة والميـاه',335),(4514,'كليـة الدراسـات الزراعيـة - إنتـاج محاصيـل حقـلية',335),(4515,'كليـة الدراسـات الزراعيـة - الإقتصاد الزراعـي',335),(4516,'كليـة الدراسـات الزراعيـة - علوم الأسرة والمجتمع',335),(4517,'كليـة الطـب البيطـري',335),(4518,'كليـة علوم وتكنولوجيا الإنتاج الحيواني – الإنتـاج الحيوانـي',335),(4519,'كليـة علوم وتكنولوجيا الإنتاج الحيواني  –علوم الأسـماك والحيـاة البرية',335),(4520,'كليـة علوم الغابــات والمراعـــى - علـوم الغابـــــات',335),(4521,'كليـة علوم الغابــات والمراعـــى - علوم المراعـى',335),(4522,'كليـة الموسـيقا والدرامـا – الموسيقى فى الآلات الموسيقية',335),(4523,'كليـة الموسـيقا والدرامـا – الموسيقى فى الصوت والغناء',335),(4524,'كليـة الموسـيقا والدرامـا – الموسيقى فى التأليف الموسيقى',335),(4525,'كليـة الموسـيقا والدرامـا - الدرامــا',335),(4526,'كليـة التربيـة البدنية والرياضة',335),(4527,'كليـة اللغات - لغـة عربيـة',335),(4528,'كليـة اللغات - لغـة فرنسيـة',335),(4529,'كليـة اللغات - لغـة إنجليزيـة',335),(4530,'كليـة علـوم الاتصـال',335),(4531,'كليـة الطـب',336),(4532,'كليـة طـب الأسنـان',336),(4533,'كليـة الصـيـدلـة',336),(4534,'كليـة علوم المختبـرات الطبيـة',336),(4535,'كليـة العلـوم الطبيـة التطبيقيـة – التمريـض',336),(4536,'كليـة العلوم الصحـية والبيئيـة – الحـوش',336),(4537,'كليـة العلـوم الطبيـة التطبيقيـة – علم النفـس الصحـي',336),(4538,'كليـة العلـوم الطبيـة التطبيقيـة – التخـديـر',336),(4539,'كليـة العلـوم الـزراعيـة – الإرشاد الزراعي والتدريب',336),(4540,'كليـة العلـوم الـزراعيـة – الإقتصاد الزراعي',336),(4541,'كليـة العلـوم الـزراعيـة – علوم البساتين',336),(4542,'كليـة العلـوم الـزراعيـة – علوم التربة والمياه',336),(4543,'كليـة العلـوم الـزراعيـة – علوم المحاصيل',336),(4544,'كليـة العلـوم الـزراعيـة – علوم البيئة والموارد الطبيعية',336),(4545,'كليـة العلـوم الـزراعيـة – الهندسة الزراعية',336),(4546,'كليـة العلـوم الـزراعيـة – وقاية المحاصيل / المبيدات والسميات',336),(4547,'كليـة العلـوم الـزراعيـة – علوم وتكنلوجيا الأغذية',336),(4548,'كليـة الإنتـاج الحيواني – الإنتاج الحيوانى - المنـاقل',336),(4549,'كليـة الإنتـاج الحيواني - علوم الحياة البرية - المنـاقل',336),(4550,'كليـة الإنتـاج الحيواني - وراثة وتربية الحيوان - المنـاقل',336),(4551,'كليـة الإنتـاج الحيواني - تغذية الحيوان - المنـاقل',336),(4552,'كليـة الإنتـاج الحيواني - أنتاج وتقانة الأسماك - المنـاقل',336),(4553,'كليـة الهندسـة والتكنولوجيـا - الهندسة المدنية',336),(4554,'كليـة الهندسـة والتكنولوجيـا - هندسـة التحكم',336),(4555,'كليـة الهندسـة والتكنولوجيـا - الهندسـة الكيميـائية',336),(4556,'كليـة الهندسـة والتكنولوجيـا - هندسـة الإتصالات',336),(4557,'كليـة الهندسـة والتكنولوجيـا - الهندسـة الطبية',336),(4558,'كليـة الهندسـة والتكنولوجيـا - هندسـة الحاسـوب',336),(4559,'كليـة الهندسـة والتكنولوجيـا – هندسـة الأغذيــة',336),(4560,'كلية هندسة وتكنولوجيا الصناعات - هندسة النســــيج',336),(4561,'كلية هندسة وتكنولوجيا الصناعات - الهندسة الصناعية',336),(4562,'كلية هندسة وتكنولوجيا الصناعات - هندسة وتكنولوجيا المواد',336),(4563,'كليـة العلـوم الريـاضية والحاسوب - علوم الحاسوب',336),(4564,'كليـة العلـوم الريـاضية والحاسوب - الرياضيات وعلوم الحاسوب',336),(4565,'كليـة العلـوم الريـاضية والحاسوب - الإحصاء وعلوم الحاسوب',336),(4566,'كليـة الإقتصاد والتنميـة الريفيـة – الإقتصاد',336),(4567,'كليـة الإقتصاد والتنميـة الريفيـة - الإحصاءالتطبيقى والديموغرافيا',336),(4568,'كليـة الإقتصاد والتنميـة الريفيـة - العلوم السياسية والعلاقات الدولية',336),(4569,'كليـة الإقتصاد والتنميـة الريفيـة – التنمية الريفية',336),(4570,'كليـة الإقتصاد والتنميـة الريفيـة – المحاسبة والتمويل',336),(4571,'كليـة الإقتصاد والتنميـة الريفيـة – إدارة الأعمال',336),(4572,'كليـة الدراسات التنموية – الحديبة',336),(4573,'كليـة الدراسات التجارية – الهلالية',336),(4574,'كليـة التربيـة قسـم الكيمياء والأحياء - حنتوب',336),(4575,'كليـة التربيـة قسـم الريـاضيـات والفيزيـاء - حنتوب',336),(4576,'كليـة التربيـة قسـم اللغة العربية ود.الإسلامية – حنتوب',336),(4577,'كليـة التربيـة قسـم اللغة الإنجليزية - حنتوب',336),(4578,'كليـة التربيـة قسـم اللغة الفرنسية - حنتوب',336),(4579,'كليـة التربيـة قسـم الجغرافيـا والتـاريخ - حنتوب',336),(4580,'كليـة التربيـة قسم علم النفس التطبيقى – حنتوب',336),(4581,'كليـة التربيـة قسم المكتبات والمعلومات – حنتوب',336),(4582,'كليـة الاداب والعلوم الانسانية - اللغة العربية وادابها - الكاملين',336),(4583,'كلية الاداب والعلوم الانسانية - اللغه الانجليزية وادابها - الكاملين',336),(4584,'كلية الاداب والعلوم الانسانية - التاريخ - الكاملين',336),(4585,'كليـة الاداب والعلوم الانسانية - الجغرافيا ونظم المعلومات الجغرافية – الكاملين',336),(4586,'كليـة الاداب والعلوم الانسانية - قسم الاثار – الكاملين',336),(4587,'كليـة الاداب والعلوم الانسانية - قسم علم النفس – الكاملين',336),(4588,'كليـة الاداب والعلوم الانسانية – قسم اللغـة الفرنسيـة - الكاملين',336),(4589,'كليـة التربيـة قسـم الكيميـاء والأحيـاء - الحصاحيصا',336),(4590,'كليـة التربيـة قسـم الرياضيات والفيزياء – الحصاحيصا',336),(4591,'كليـة التربيـة قسـم اللغـة العربيـة ود.الإسـلامية – الحصاحيصا',336),(4592,'كليـة التربيـة قسـم اللغـة الإنجليـزية - الحصاحيصا',336),(4593,'كليـة التربيـة قسـم الجغرافيـا والتـاريخ - الحصاحيصا',336),(4594,'كليـة التربيـة قسـم المعلومـات والمكتبـات - الحصاحيصا',336),(4595,'كليـة الإعـلام – فداسي الحليماب',336),(4596,'كليـة القانون – ابوحراز',336),(4597,'كليـة العلوم – الرياضيات – ابوحراز',336),(4598,'كليـة العلوم – الكيمياء – ابوحراز',336),(4599,'كليـة العلوم – علم النبات والأحياء الدقيقة – ابوحراز',336),(4600,'كليـة العلوم – الكيمياء الأحيائية الجزيئية – ابوحراز',336),(4601,'كليـة العلوم – علم الحيوان – ابوحراز',336),(4602,'كليـة العلوم – علوم الأرض – ابوحراز',336),(4603,'كليـة العلوم – الفيزياء وعلوم الفلك – ابوحراز',336),(4604,'كليـة علوم وتكنولوجيا الغابات – ابوحراز',336),(4605,'كليـة الطب – رفاعة',337),(4606,'كلية علوم المختبرات الطبية',337),(4607,'كلية العلوم الطبية التطبيقية - علوم التمريض',337),(4608,'كليـة الطب البيطري – تمبول',337),(4609,'كلية علوم الحاسوب وتقانة المعلومات – علوم الحاسوب',337),(4610,'كلية علوم الحاسوب وتقانة المعلومات – تقانة المعلومات',337),(4611,'كلية علوم الحاسوب وتقانة المعلومات – نظم المعلومات',337),(4612,'كليـة التربيـة قسـم الكيمياء والأحياء – رفاعة',337),(4613,'كليـة التربيـة قسـم الرياضيات والحاسوب – رفاعة',337),(4614,'كليـة التربيـة قسـم الفيزياء والرياضيات – رفاعة',337),(4615,'كليـة التربيـة قسـم اللغة العربية والدراسات الإسلامية – رفاعة',337),(4616,'كليـة التربيـة قسـم  اللغة الإنجليزية – رفاعة',337),(4617,'كليـة التربيـة قسـم الجغرافيـا والتـاريخ - رفاعة',337),(4618,'كليـة التربيـة قسـم التربية الخاصة - رفاعة',337),(4619,'كليـة التربيـة قسـم التعليم قبل المدرسة - رفاعة',337),(4620,'كليـة التربيـة قسـم علم النفس التربوى – رفاعة',337),(4621,'كليـة علوم الإدارة والإقتصاد – الإقتصاد – رفاعة',337),(4622,'كليـة علوم الإدارة والإقتصاد – المحاسبة – رفاعة',337),(4623,'كليـة علوم الإدارة والإقتصاد – إدارة الاعمال – رفاعة',337),(4624,'كليـة علوم الإدارة والإقتصاد – نظم المعلومات الادارية – رفاعة',337),(4625,'كلية الشريعة والقانون',337),(4626,'كليـة القـرآن الكريـم – القراءات وعلوم القرآن– أم درمان',338),(4627,'كليـة القـرآن الكريـم – القراءات وعلوم القرآن– الأبيض (طلاب فقط)',338),(4628,'كليـة القـرآن الكريـم – الدراسات الاسلامية – أم درمان',338),(4629,'كليـة القـرآن الكريـم – الدراسات الاسلامية – الأبيض',338),(4630,'كليـة القـرآن الكريـم – الحديث وعلومه – أم درمان',338),(4631,'كليـة الشـريعة - الشـريعة والقانون - أم درمان',338),(4632,'كليـة الشـريعة - الفقه وأصوله - أم درمان',338),(4633,'كليـة الشـريعة - الشـريعة والقانون - الأبيـض',338),(4634,'كليـة الشـريعة - الفقه وأصوله - الأبيـض',338),(4635,'كليـة الشـريعة - الشـريعة والقانون – بورتسودان',338),(4636,'كليـة الشـريعة - الفقه وأصوله – بورتسودان',338),(4637,'كليـة العلوم الإدارية - المحاسبة -  أم درمان',338),(4638,'كليـة العلوم الإدارية – ادارة الاعمال -  أم درمان',338),(4639,'كليـة العلوم الإدارية – الادارة العامة -  أم درمان',338),(4640,'كليـة الإقتصاد والعلوم الإجتماعية – التاريخ والحضارة - أم درمان',338),(4641,'كليـة الإقتصاد والعلوم الإجتماعية – الإقتصاد - أم درمان',338),(4642,'كليـة الإقتصاد والعلوم الإجتماعية - علم الاجتماع - أم درمان',338),(4643,'كليـة الإقتصاد والعلوم الإجتماعية – الإحصاء التطبيقي - أم درمان',338),(4644,'كليـة الإقتصاد والعلوم الإجتماعية– العلوم السياسية والعلاقات الدولية - أم درمان',338),(4645,'كليـة اللغـة العربيـة - أم درمان',338),(4646,'كليـة اللغـة العربيـة - الأبيــض',338),(4647,'كليـة الدعـوة والإعـلام – الصحافة والنشر – أم درمان',338),(4648,'كليـة الدعـوة والإعـلام – الدعوة ونظم الاتصال – أم درمان',338),(4649,'كليـة الدعـوة والإعـلام – العلاقات العامة والاعلان – أم درمان',338),(4650,'كليـة الدعـوة والإعـلام – الاذاعة والتلفاز – أم درمان',338),(4651,'كليـة التربيـة – أحياء - أم درمان',338),(4652,'كليـة التربيـة – كيمياء - أم درمان',338),(4653,'كليـة التربيـة – رياضيات - أم درمان',338),(4654,'كليـة التربيـة – فيزياء - أم درمان',338),(4655,'كليـة التربيـة – لغة عربية - أم درمان',338),(4656,'كليـة التربيـة – لغة انجليزية - أم درمان',338),(4657,'كليـة التربيـة – جغرافيا - أم درمان',338),(4658,'كليـة التربيـة – تاريخ - أم درمان',338),(4659,'كليـة التربيـة – القران الكريم والدراسات الاسلامية - أم درمان',338),(4660,'مدرسـة الألسن - لغة انجليزية – أم درمان',338),(4661,'مدرسـة الألسن - لغة فرنسية – أم درمان',338),(4662,'مدرسـة الألسن - لغة تركية – أم درمان',338),(4663,'كلية علوم الحاسوب وتقانة المعلومات – علوم الحاسوب - أم درمان',338),(4664,'كلية علوم الحاسوب وتقانة المعلومات – تقانة المعلومات - أم درمان',338),(4665,'كلية علوم الحاسوب وتقانة المعلومات – نظم المعلومات - أم درمان',338),(4666,'كليـة القـرآن الكريـم – القراءات* - الكاملين',339),(4667,'كليـة القـرآن الكريـم – الدراسات الإسلامية** – الكاملين',339),(4668,'كليـة الشـريعة – الشريعة والقانون – مدني',339),(4669,'كليـة الشـريعة – الفقه وأصوله – مدني',339),(4670,'كليـة الشـريعة – الشريعة والقانون – الهلالية',339),(4671,'كليـة الشـريعة – الفقه وأصوله – الهلالية',339),(4672,'كليـة علوم الحاسوب وتقانة المعلومات – علوم الحاسوب – رفاعة',339),(4673,'كليـة علوم الحاسوب وتقانة المعلومات – تقانة المعلومات – رفاعة',339),(4674,'كليـة التربية – أحياء - مدني – طالبات فقط',339),(4675,'كليـة التربية – كيمياء – مدني – طالبات فقط',339),(4676,'كليـة التربية – رياضيات – مدني',339),(4677,'كليـة التربية – فيزياء – مدني',339),(4678,'كليـة التربية – لغة عربية – مدني',339),(4679,'كليـة التربية – لغة انجليزية – مدني',339),(4680,'كليـة التربية – لغة فرنسية – مدني',339),(4681,'كليـة التربية – جغرافيا – مدنى',339),(4682,'كليـة التربية – تاريخ – مدنى',339),(4683,'كليـة التربية – الدراسات الإسلامية – مدنى',339),(4684,'كليـة التربيـة التعليم الأسـاسي ( إبتدائي – متوسط ) - مدني',339),(4685,'كليـة التربية – التعليم قبل المدرسى – طالبات فقط',339),(4686,'كليـة اللغة العربية – المناقل',339),(4687,'كليـة الإقتصاد والعلوم الإدارية - المحاسبة – الحصاحيصا',339),(4688,'كليـة الإقتصاد والعلوم الإدارية - إدارة الأعمال – الحصاحيصا',339),(4689,'كليـة الإقتصاد والعلوم الإدارية - الإقتصاد – الحصاحيصا',339),(4690,'كليـة الإقتصاد والعلوم الإدارية – العلوم السياسية – الحصاحيصا',339),(4691,'كليـة اللغات – اللغة الإنجليزية – الحوش',339),(4692,'كليـة اللغات – اللغة الفرنسية – الحوش',339),(4693,'كلية الدعوة والإعلام – الدعوة ونظم الاتصال - ابوعشر – طالبات فقط',339),(4694,'كلية الدعوة والإعلام – الإعلام - ابوعشر –  طالبات فقط',339),(4695,'كلية الآداب – التاريخ والحضارة الإسلامية – طالبات - ابوقوتة',339),(4696,'كلية الآداب – الجغرافيا والبيئة – طالبات – ابوقوتة',339),(4697,'كلية الآداب – اللغة العربية – طالبات – ابوقوتة',339),(4698,'كلية العلوم الأسرية – علوم الغذاء والتغذية - طالبات– مدني',339),(4699,'كلية العلوم الأسرية – الإقتصاد المنزلى- طالبات– مدني',339),(4700,'كليـة الطــب',340),(4701,'كليـة طب الأسنان',340),(4702,'كليـة الصيدلة',340),(4703,'كليـة علوم المختبرات الطبية',340),(4704,'كليـة علوم التمريض',340),(4705,'كليـة العلاج الطبيعى – العلاج الطبيعي',340),(4706,'كليـة علوم البصريات',340),(4707,'كليـة الهندسة – هندسة التحكم',340),(4708,'كليـة الهندسة – الهندسة الكيميائية',340),(4709,'كليـة الهندسة – هندسة الإتصالات',340),(4710,'كليـة الهندسة – هندسة الحاسوب',340),(4711,'كليـة علوم الحاسوب وتقانة المعلومات – علوم الحاسوب',340),(4712,'كليـة علوم الحاسوب وتقانة المعلومات – تقانة المعلومات',340),(4713,'كليـة علوم الحاسوب وتقانة المعلومات - هندسة البرمجيات',340),(4714,'كليـة علوم الحاسوب وتقانة المعلومات - نظم المعلومات المحاسبية',340),(4715,'كليـة علوم الحاسوب وتقانة المعلومات - نظم المعلومات الإدارية',340),(4716,'كليـة علوم الحاسوب وتقانة المعلومات - نظم معلومات المكتبات',340),(4717,'كليـة العلوم الرياضية والإحصاء - النمذجة والحوسبة الرياضية',340),(4718,'كليـة العلوم الرياضية والإحصاء - الرياضيات',340),(4719,'كليـة العلوم الرياضية والإحصاء - الإحصاء والحوسبة',340),(4720,'كليـة العلوم الرياضية والإحصاء - علوم الاكشواري',340),(4721,'كليـة العلوم الرياضية والإحصاء – الإحصاء والديموغرافيا',340),(4722,'كليـة العلوم والتقانة – الفيزياء',340),(4723,'كليـة العلوم والتقانة  – الفيزياء الطبية والحيوية',340),(4724,'كليـة العلوم والتقانة – الطاقات المتجددة والليزر',340),(4725,'كليـة العلوم والتقانة – العلوم البيئية',340),(4726,'كليـة العلوم والتقانة – الأحياء',340),(4727,'كليـة العلوم والتقانة – الأحياء الدقيقة والأحياء الجزيئية',340),(4728,'كليـة العلوم والتقانة – التقنيات الأحيائية',340),(4729,'كليـة العلوم والتقانة - الكيمياء',340),(4730,'كليـة العلوم والتقانة - الكيمياء الحيوية والأحياء الجزيئية',340),(4731,'كليـة النفط والمعادن – الجيولوجيا',340),(4732,'كليـة النفط والمعادن – جيولوجيا المياه',340),(4733,'كليـة النفط والمعادن – جيولوجيا الثروات المعدنية',340),(4734,'كليـة النفط والمعادن – جيولوجيا البترول',340),(4735,'كليـة النفط والمعادن – الجيوفيزياء',340),(4736,'كليـة التقانة الزراعية وعلوم الأسماك – الإنتاج الحيواني',340),(4737,'كليـة التقانة الزراعية وعلوم الأسماك – تقانة الأغذية',340),(4738,'كليـة التقانة الزراعية وعلوم الأسماك - الهندسة الزراعية',340),(4739,'كليـة التقانة الزراعية وعلوم الأسماك – علوم الاسماك',340),(4740,'كليـة التقانة الزراعية وعلوم الأسماك – المحاصيل الحقلية والبستانية',340),(4741,'كليـة الآداب - قسم اللغة العربية',340),(4742,'كليـة الآداب - قسم اللغة الإنجليزية',340),(4743,'كليـة الآداب - قسم اللغة الفرنسية',340),(4744,'كليـة الآداب - قسم التاريخ',340),(4745,'كليـة الآداب - قسم الفلسفة',340),(4746,'كليـة الآداب - قسم علم النفس',340),(4747,'كليـة الآداب - قسم الجغرافيا',340),(4748,'كليـة الآداب - قسم المكتبات والمعلومات',340),(4749,'كليـة الآداب - قسم الآثار',340),(4750,'كليـة التجارة - المحاسبة',340),(4751,'كليـة التجارة - إدارة الأعمال',340),(4752,'كليـة التجارة – التأمين',340),(4753,'كليـة الدراسات الإقتصادية والإجتماعية - الإقتصاد',340),(4754,'كليـة الدراسات الإقتصادية والإجتماعية - العلوم السياسية',340),(4755,'كليـة الدراسات الإقتصادية والإجتماعية - علم الاجتماع والإنثروبولوجيا والخدمة الاجتماعية',340),(4756,'كليـة القانون',340),(4757,'كليـة التربية - قسم الدراما',340),(4758,'كليـة التربية - قسم التربية الرياضية  ( البدنية ) - طلاب فقط',340),(4759,'كليـة الفنـون الجميـلة والتصميم – التصميم الداخلى',340),(4760,'كليـة الفنـون الجميـلة والتصميم – التلوين',340),(4761,'كليـة الدراسات الإسلامية',340),(4762,'كليـة الطب',341),(4763,'كليـة طب الأسنان',341),(4764,'كليـة علوم المختبرات الطبية',341),(4765,'كليـة الصحة العامة',341),(4766,'كليـة علوم الأشعة والتصوير الطبي',341),(4767,'كليـة علوم التمريض',341),(4768,'كليـة العلوم الطبية التقنية – التخدير',341),(4769,'كليـة العلوم الطبية التقنية - القبالة – طالبات فقط',341),(4770,'كليـة الهندسـة - الهندسة المدنية',341),(4771,'كليـة الهندسـة - الهندسة الكهربائية',341),(4772,'كليـة الهندسـة - هندسة الحاسوب',341),(4773,'كليـة علوم الحاسوب وتقنية المعلومات - علوم الحاسوب',341),(4774,'كليـة علوم الحاسوب وتقنية المعلومات - تقنية المعلومات',341),(4775,'كليـة علوم الحاسوب وتقنية المعلومات - نظم المعلومات',341),(4776,'كليـة الزراعـة - وقاية النبات والدراسات البيئية',341),(4777,'كليـة الزراعـة – الإرشاد الزراعي والتنمية الريفية',341),(4778,'كليـة الزراعـة – البساتين',341),(4779,'كليـة الزراعـة  –الإقتصاد الزراعي',341),(4780,'كليـة الزراعـة – الإنتاج الحيواني',341),(4781,'كليـة الزراعـة - علوم وتكنولوجيا الأغذية',341),(4782,'كليـة التربية القسم العلمي',341),(4783,'كليـة التربية القسم الأدبي',341),(4784,'كليـة العلـوم السياسية والدراسـات الاستراتيجية – العلوم السياسية',341),(4785,'كليـة العلـوم السياسية والدراسات الاستراتيجية – الدراسات الإستراتيجية',341),(4786,'كليـة الإقتصاد والعلوم الإدارية – قسم الإقتصاد',341),(4787,'كليـة الإقتصاد والعلوم الإدارية – قسم المحاسبة',341),(4788,'كليـة الإقتصاد والعلوم الإدارية – قسم إدارة الأعمال',341),(4789,'كليـة العلوم الحضرية – التخطيط الحضري',341),(4790,'كليـة العلوم الحضرية – علوم تنمية المرأة',341),(4791,'كليـة العلوم الحضرية – علوم السكان',341),(4792,'كليـة العلوم الحضرية – علوم البيئة',341),(4793,'كليـة الشريعة والقانون',341),(4794,'كليـة السياحة والفنادق – إدارة السياحة',341),(4795,'كليـة السياحة والفنادق – إدارة الفنادق والضيافة',341),(4796,'كليـة السياحة والفنادق – الأغذية والمطاعم',341),(4797,'كليـة السياحة والفنادق – الإرشاد السياحى',341),(4798,'كليـة الطـب',342),(4799,'كليـة علوم المختبرات الطبية',342),(4800,'كليـة علوم التمـريض',342),(4801,'كليـة الصحة العامة',342),(4802,'كليـة الطـب البيطري',342),(4803,'كليـة الانتـاج الحيـوانى',342),(4804,'كليـة الزراعة',342),(4805,'كليـة المـوارد الطبيعيـة – علـوم الاسمـاك',342),(4806,'كليـة المـوارد الطبيعيـة – الحيـاة البـرية',342),(4807,'كليـة المـوارد الطبيعيـة – علـوم الغـابات',342),(4808,'كليـة المـوارد الطبيعيـة - الدراسات البيئيـة',342),(4809,'كليـة جيولوجيا البترول والمعادن – الثروات المعدنية',342),(4810,'كليـة جيولوجيا البترول والمعادن – المياه الجوفية',342),(4811,'كليـة جيولوجيا البترول والمعادن – جيولوجيا البترول',342),(4812,'كليـة العلوم التطبيقية والصناعية – الفيزياء والالكترونيات والاجهزه العلمية',342),(4813,'كليـة العلوم التطبيقية والصناعية – الارصاد الجوى',342),(4814,'كليـة العلوم التطبيقية والصناعية – الكيمياء والكيمياء الصناعية',342),(4815,'كليـة العلوم التطبيقية والصناعية – الصناعات',342),(4816,'كليـة العلوم التطبيقية والصناعية – الاحياء والتقانة',342),(4817,'كليـة هندسة العمارة',342),(4818,'كليـة الهندسة المدنية',342),(4819,'كليـة الهندسة الميكانيكية',342),(4820,'كليـة الهندسة الكهربائية',342),(4821,'كليـة الهندسة الزراعية',342),(4822,'كليـة الحاسوب والرياضيات - علوم الحاسوب',342),(4823,'كليـة الحاسوب والرياضيات - تقنية المعلومات',342),(4824,'كليـة الحاسوب والرياضيات – نظم الحاسوب والشبكات',342),(4825,'كليـة الحاسوب والرياضيات – الإحصاء',342),(4826,'كليـة الحاسوب والرياضيات – الرياضيات',342),(4827,'كليـة التربية أحياء',342),(4828,'كليـة التربية - كيمياء',342),(4829,'كليـة التربية - رياضيات',342),(4830,'كليـة التربية - فيزياء',342),(4831,'كليـة التربية - لغة عربية',342),(4832,'كليـة التربية - لغة إنجليزية',342),(4833,'كليـة التربية – جغرافيا',342),(4834,'كليـة التربية - تاريخ',342),(4835,'كليـة التربيـة التعليم الأسـاسي ( إبتدائي – متوسط )',342),(4836,'كليـة التربية - التعليم قبل المدرسة',342),(4837,'كليـة التربية - التربية الخاصة',342),(4838,'كليـة التربية – الفنية',342),(4839,'كليـة الدراسات الاجتماعية والإقتصادية - الإقتصاد',342),(4840,'كليـة الدراسات الاجتماعية والإقتصادية – الإحصاء والديموغرافيا',342),(4841,'كليـة الدراسات الاجتماعية والإقتصادية - العلوم السياسية',342),(4842,'كليـة الدراسات الاجتماعية والإقتصادية – الاجتماع والانثروبولوجيا',342),(4843,'كليـة العلوم الادارية – المحاسبة والتمويل',342),(4844,'كليـة العلوم الادارية – إدارة الأعمال',342),(4845,'كليـة العلوم الادارية – التكاليف والمحاسبة الإدارية',342),(4846,'كليـة العلوم الادارية – الدراسات المصرفية والمالية',342),(4847,'كليـة العلوم الادارية – الإدارة العامة',342),(4848,'كليـة العلوم الادارية – إدارة الموارد البشرية',342),(4849,'كليـة العلوم الادارية – التسويق',342),(4850,'كليـة العلوم الادارية – السكرتارية التنفيذية',342),(4851,'كليـة القانون',342),(4852,'كليـة اللغات – اللغة العربية',342),(4853,'كليـة اللغات – اللغة الإنجليزية',342),(4854,'كليـة اللغات – اللغة الفرنسية',342),(4855,'كليـة اللغات – اللغة الروسية',342),(4856,'كليـة العلوم الانسانية - التاريخ',342),(4857,'كليـة العلوم الانسانية – الفلسفة',342),(4858,'كليـة العلوم الانسانية – علم النفس',342),(4859,'كليـة العلوم الانسانية – الجغرافيا',342),(4860,'كليـة العلوم الانسانية – مقارنة الأديان',342),(4861,'كليـة العلوم الانسانية – الأعلام',342),(4862,'كليـة العلوم الانسانية – الآثار',342),(4863,'كليـة دراسات المجتمع والتنمية الريفية - الخدمة الاجتماعية',342),(4864,'كليـة دراسات المجتمع والتنمية الريفية - علوم المكتبات والمعلومات',342),(4865,'كليـة دراسات المجتمع والتنمية الريفية - التنمية الريفية',342),(4866,'كليـة دراسات المجتمع والتنمية الريفية - الاتصال التنموى',342),(4867,'كليـة الطب – شندى',343),(4868,'كلية طب الأسنان - شندى',343),(4869,'كليـة علوم المختبرات الطبية - شندى',343),(4870,'كليـة علوم التمريض - شندى',343),(4871,'كليـة الصحة العامة – المتمة',343),(4872,'كلية الهندسة والعماره – الهندسة الكهربائية والإلكترونية - شندى',343),(4873,'كلية الهندسة والعماره – الهندسة المدنية - شندى',343),(4874,'كلية الهندسة والعماره – هندسة العماره – شندى',343),(4875,'كليـة العلوم والتقانة – الفيزياء - شندي',343),(4876,'كليـة العلوم والتقانة – الرياضيات - شندي',343),(4877,'كليـة العلوم والتقانة – الكيمياء - شندي',343),(4878,'كليـة العلوم والتقانة – الإحصاء التطبيقى – شندي',343),(4879,'كليـة العلوم والتقانة – الحيوان – شندي',343),(4880,'كليـة العلوم والتقانة – النبات – شندي',343),(4881,'كليـة العلوم والتقانة – التقانة الإحيائية – شندي',343),(4882,'كليـة علوم الحاسوب وتقانة المعلومات – علوم الحاسوب – شندي',343),(4883,'كليـة علوم الحاسوب وتقانة المعلومات – تقانة المعلومات – شندي',343),(4884,'كليـة علوم الحاسوب وتقانة المعلومات – نظم المعلومات – شندي',343),(4885,'كليـة الإقتصاد والعلوم الإدارية – المحاسبة - شندى',343),(4886,'كليـة الإقتصاد والعلوم الإدارية – إدارة الأعمال - شندى',343),(4887,'كليـة الإقتصاد والعلوم الإدارية – الإقتصاد - شندى',343),(4888,'كليـة الإقتصاد والعلوم الإدارية – التمويل والمصارف - شندى',343),(4889,'كليـة القانون – المتمة',343),(4890,'كليـة الدراسات التنموية - تنمية المجتمع – طيبة الخواض',343),(4891,'كليـة الدراسات التنموية - التنمية الإقتصادية – طيبة الخواض',343),(4892,'كليـة الدراسات التنموية – علم الإجتماع والأنثروبولوجيا – طيبة الخواض',343),(4893,'كليـة الآداب – اللغة العربية وآدابها – شندي',343),(4894,'كليـة الآداب – اللغة الإنجليزية وآدابها – شندي',343),(4895,'كليـة الآداب – اللغة الفرنسية وآدابها – شندي',343),(4896,'كليـة الآداب  - التاريخ – شندي',343),(4897,'كليـة الآداب – الدراسات الإسلامية  - شندي',343),(4898,'كليـة الآداب  - الجغرافيا – شندي',343),(4899,'كليـة الآداب – الإعلام – شندي',343),(4900,'كليـة السياحة والآثار – السياحة – شندي',343),(4901,'كليـة السياحة والآثار – الفنادق – شندي',343),(4902,'كليـة السياحة والآثار – الآثار – شندي',343),(4903,'كليـة السياحة والآثار – المتاحف – شندي',343),(4904,'كلية التربية – أحياء – شندى',343),(4905,'كلية التربية – كيمياء – شندى',343),(4906,'كلية التربية – رياضيات – شندى',343),(4907,'كلية التربية – فيزياء – شندى',343),(4908,'كلية التربية – لغة عربية – شندى',343),(4909,'كلية التربية – لغة إنجليزية – شندى',343),(4910,'كلية التربية – جغرافيا – شندى',343),(4911,'كلية التربية – تاريخ – شندى',343),(4912,'كلية التربية – دراسات إسلامية – شندى',343),(4913,'كليـة التربيـة التعليم الأسـاسي ( إبتدائي – متوسط ) - شندى',343),(4914,'كليـة الطــب والعلوم الصحية – الطب والجراحة – عطبرة',344),(4915,'كليـة الطــب والعلوم الصحية – الصيدلة – عطبرة',344),(4916,'كليـة الطــب والعلوم الصحية – علوم المختبرات الطبية – عطبرة',344),(4917,'كليـة الهندسة والتقنية – الهندسة الميكانيكية  – عطبرة',344),(4918,'كليـة الهندسة والتقنية – هندسة التصنيع – عطبرة',344),(4919,'كليـة الهندسة والتقنية – هندسة كهربائية وإلكترونية – عطبرة',344),(4920,'كليـة الهندسة  والتقنية – الهندسة المدنية – عطبرة',344),(4921,'كلية علوم الحاسوب وتقانة المعلومات – علوم الحاسوب - عطبرة',344),(4922,'كلية علوم الحاسوب وتقانة المعلومات – تقانة المعلومات – عطبرة',344),(4923,'كلية علوم الحاسوب وتقانة المعلومات – نظم المعلومات – عطبرة',344),(4924,'كليـة الزراعـة – وقاية المحاصيل – عطبرة',344),(4925,'كليـة الزراعـة – البساتين – عطبرة',344),(4926,'كليـة الزراعـة – الإقتصاد الزراعي – عطبرة',344),(4927,'كليـة الزراعـة – الإنتاج الحيوانى – عطبرة',344),(4928,'كليـة الزراعـة – الهندسة الزراعية – عطبرة',344),(4929,'كليـة الزراعـة – تكنولوجيا البذور – عطبرة',344),(4930,'كليـة التربية – قسم الأحياء – عطبرة',344),(4931,'كليـة التربية – قسم الرياضيات – عطبرة',344),(4932,'كليـة التربية - القسم الأدبي – عطبرة',344),(4933,'كليـة التربيـة التعليم الأسـاسي ( إبتدائي – متوسط ) - الدامر',344),(4934,'كليـة الإقتصاد والعلوم الإدارية – الدامر',344),(4935,'كليـة الشريعة والقانون – بربر',344),(4936,'كلية المعادن وعلوم الأرض – جيولوجيا المياه – ابوحمد - طلاب',344),(4937,'كلية المعادن وعلوم الأرض – الثروات المعدنية – ابوحمد - طلاب',344),(4938,'كليـة الآداب – الدراسات الإسلامية – بربر',344),(4939,'كليـة الآداب - اللغة العربية – بربر',344),(4940,'كليـة الآداب - الإعلام – بربر',344),(4941,'كليـة الآداب - اللغة الإنجليزية – بربر',344),(4942,'كليـة الآداب - المكتبات والمعلومات – بربر',344),(4943,'كليـة الآداب  - الآثار والمتاحف – بربر',344),(4944,'كليـة الآداب - اللغة الفرنسية – بربر',344),(4945,'كليـة الطب والعلوم الصحية - دنقلا',345),(4946,'كلية علوم المختبرات الطبية - الدبة',345),(4947,'كليـة  التمريض - دنقلا',345),(4948,'كليـة الهندسة – قسم المدنية – الدبة',345),(4949,'الهندسة الكهربائية والإلكترونية – هندسة الإتصالات - الدبة',345),(4950,'الهندسة الكهربائية والإلكترونية – هندسة التحكم - الدبة',345),(4951,'الهندسة الكهربائية والإلكترونية – هندسة الحاسوب - الدبة',345),(4952,'كليـة العلوم الزراعية – إنتاج المحاصيل – دنقلا السليم',345),(4953,'كليـة العلوم الزراعية – وقاية المحاصيل – دنقلا السليم',345),(4954,'كليـة العلوم الزراعية – البساتين – دنقلا السليم',345),(4955,'كليـة العلوم الزراعية – الإقتصاد الزراعي – دنقلا السليم',345),(4956,'كليـة العلوم الزراعية – الإنتاج الحيوانى – دنقلا السليم',345),(4957,'كليـة العلوم الزراعية – الهندسة  الزراعية – دنقلا السليم',345),(4958,'كليـة علوم الأرض والتعدين –  حلفا القديمة – طلاب فقط',345),(4959,'كليـة علوم الحاسوب والتنمية البشرية – علوم الحاسوب – دنقلا',345),(4960,'كليـة علوم الحاسوب والتنمية البشرية – تقنية المعلومات – دنقلا',345),(4961,'كليـة التربية قسم الأحياء – دنقلا',345),(4962,'كليـة التربية قسم الرياضيات – دنقلا',345),(4963,'كليـة التربية قسم الفيزياء – دنقلا',345),(4964,'كليـة التربية القسم الأدبي – مروي',345),(4965,'كليـة التربية القسم الأدبي – لغة عربية – رومي البكري',345),(4966,'كليـة التربية القسم الأدبي – دراسات إسلامية – رومي البكري',345),(4967,'كليـة التربية القسم الأدبي – لغة إنجليزية – رومي البكري',345),(4968,'كليـة التربيـة التعليم الأسـاسي ( إبتدائي – متوسط ) - دنقلا',345),(4969,'كليـة الآداب والدراسات الإنسانية - الآثار – كريمة',345),(4970,'كليـة الآداب والدراسات الإنسانية - الفولكلور – كريمة',345),(4971,'كليـة الآداب والدراسات الإنسانية - التاريخ – كريمة',345),(4972,'كليـة الآداب والدراسات الإنسانية – الجغرافيا – كريمة',345),(4973,'كليـة الآداب والدراسات الإنسانية – الإجتماع  – كريمة',345),(4974,'كليـة الآداب والدراسات الإنسانية – اللغة الإنجليزية – كريمة',345),(4975,'كليـة الآداب والدراسات الإنسانية– اللغة العربية – كريمة',345),(4976,'كليـة الآداب والدراسات الإنسانية – الدراسات الإسلامية – كريمة',345),(4977,'كليـة الآداب والدراسات الإنسانية – المعلومات والمكتبات – كريمة',345),(4978,'كليـة الإقتصاد والعلوم الإدارية – الإقتصاد والإحصاء - دنقلا السليم',345),(4979,'كليـة الإقتصاد والعلوم الإدارية – العلوم السياسية والإدارة العامة - دنقلا السليم',345),(4980,'كليـة الإقتصاد والعلوم الإدارية – المحاسبة - دنقلا السليم',345),(4981,'كليـة الإقتصاد والعلوم الإدارية – إدارة الأعمال - دنقلا السليم',345),(4982,'كليـة العلوم الإدارية- الدراسات المصرفية والمالية – القولد – رومي البكري',345),(4983,'كليـة العلوم الإدارية- التكاليف والمحاسبة الادارية – القولد – رومي البكري',345),(4984,'كليـة العلوم الإدارية - التسويق – القولد – رومي البكري',345),(4985,'كليـة العلوم الإدارية - التأمين – القولد – رومي البكري',345),(4986,'كليـة الشريعة والقانون – القولد – رومي البكري',345),(4987,'كلية السياحة والفنادق – إدارة السياحة – كرمه',345),(4988,'كلية السياحة والفنادق – إدارة الفنادق – كرمه',345),(4989,'كلية السياحة والفنادق – الإرشاد السياحى – كرمه',345),(4990,'كليـة القرآن الكريم والدراسات الإسلامية – القراءات – رومي البكري',345),(4991,'كليـة القرآن الكريم والدراسات الإسلامية - د.الإسلامية – رومي البكري',345),(4992,'كليـة الطـب والعلـوم الصحيـة - بورتسودان',346),(4993,'كليـة طـب الأسنان - بورتسودان',346),(4994,'كليـة الهندسة قسم المدنية - بورتسودان',346),(4995,'كليـة الهندسة قسم الميكانيكية – بورتسودان',346),(4996,'كليـة الهندسة قسم الكهربائية والإلكترونية - بورتسودان',346),(4997,'كليـة الهندسة – قسم الكيميائية – بورتسودان',346),(4998,'كليـة العلـوم التطبيقيـة قسم الكيمياء التطبيقية - بورتسودان',346),(4999,'كليـة العلـوم التطبيقيـة قسم البيئة والموارد الطبيعية - بورتسودان',346),(5000,'كليـة العلـوم التطبيقيـة قسم الفيزياء الطبية – بورتسودان',346),(5001,'كليـة العلـوم التطبيقيـة قسم فيزياء الإلكترونيات – بورتسودان',346),(5002,'كليـة العلـوم التطبيقيـة قسم المختبرات الكيميائية – بورتسودان',346),(5003,'كليـة العلـوم التطبيقيـة قسم الرياضيات – بورتسودان',346),(5004,'كليـة علـوم الحاسوب وتقانة المعلومات - علوم الحاسوب – بورتسودان',346),(5005,'كليـة علـوم الحاسوب وتقانة المعلومات – تقانة المعلومات – بورتسودان',346),(5006,'كليـة علـوم الحاسوب وتقانة المعلومات – شبكات ونظم الحاسوب – بورتسودان',346),(5007,'كليـة علـوم الأرض – بورتسودان',346),(5008,'كليـة علـوم البحـار والمصائـد - بورتسودان',346),(5009,'كليـة العلـوم الإداريـة – إدارة الأعمال– بورتسودان',346),(5010,'كليـة العلـوم الإداريـة – المحاسبة والتمويل – بورتسودان',346),(5011,'كليـة العلـوم الإداريـة – التسويق – بورتسودان',346),(5012,'كليـة الإقتصاد والعلـوم الإجتماعيـة – بورتسودان',346),(5013,'كليـة الآداب – بورتسودان',346),(5014,'كليـة التربيـة القسـم العلمي – جبيت',346),(5015,'كليـة التربيـة القسم الأدبي – جبيت',346),(5016,'كليـة التربيـة التعليم الأسـاسي ( إبتدائي – متوسط ) - بورتسودان',346),(5017,'كلية القانون  - بورتسودان',346),(5018,'كلية السياحة والفنادق – سنكات',346),(5019,'كليـة الطب والعلوم الصحية – الطب والجراحة - كســلا',347),(5020,'كليـة علوم المختبرات الطبية - كســلا',347),(5021,'كليـة الطب والعلوم الصحية - التمريض - كســلا',347),(5022,'كليـة الهندسة – الهندسة المدنية - كســلا',347),(5023,'كليـة الهندسة – الهندسة الميكانيكية - كســلا',347),(5024,'كليـة الهندسة – الهندسة الكهربائية والالكترونية - كســلا',347),(5025,'كليـة الزراعـة والموارد الطبيعية – علوم المحاصيل - حلفا الجديدة',347),(5026,'كليـة الزراعـة والموارد الطبيعية – وقاية المحاصيل - حلفا الجديدة',347),(5027,'كليـة الزراعـة والموارد الطبيعية – الإرشاد الزراعي والتنمية الريفية - حلفا الجديدة',347),(5028,'كليـة الزراعـة والموارد الطبيعية – علوم البساتين - حلفا الجديدة',347),(5029,'كليـة الزراعـة والموارد الطبيعية – الإقتصاد الزراعي - حلفا الجديدة',347),(5030,'كليـة الزراعـة والموارد الطبيعية – الهندسة الزراعية- حلفا الجديدة',347),(5031,'كليـة الزراعـة والموارد الطبيعية – علوم وتقانة الأغذية - حلفا الجديدة',347),(5032,'كليـة الزراعـة والموارد الطبيعية – الإنتاج الحيواني - حلفا الجديدة',347),(5033,'كليـة العلــوم – الأحياء – كسلا',347),(5034,'كليـة العلــوم - الكيميـــــاء – كسلا',347),(5035,'كليـة العلــوم - الرياضيـــات – كسلا',347),(5036,'كليـة العلــوم - الفيزيـــــاء - كسلا',347),(5037,'كليـة علوم الحاسوب وتقانة المعلومات - علوم الحاسوب - كســلا',347),(5038,'كليـة علوم الحاسوب وتقانة المعلومات - تقانة المعلومات - كســلا',347),(5039,'كليـة علوم الحاسوب وتقانة المعلومات - نظم المعلومات - كســلا',347),(5040,'كليـة الإقتصاد والعلـوم الإدارية - الإقتصاد – كســلا',347),(5041,'كليـة الإقتصاد والعلـوم الإدارية - المحاسبة - كســلا',347),(5042,'كليـة الإقتصاد والعلـوم الإدارية - إدارة الأعمال - كســلا',347),(5043,'كليـة التربيـة قسـم الأحيـــاء والكيمياء - كســلا',347),(5044,'كليـة التربيـة قسـم الرياضيـات والفيزياء – كســلا',347),(5045,'كليـة التربيـة قسـم الأحيـــاء والكيمياء – حلفا الجديدة',347),(5046,'كليـة التربيـة قسـم الرياضيـات والفيزياء – حلفا الجديدة',347),(5047,'كليـة التربية قسم اللغة العربية والعلوم الإسلامية - كســلا',347),(5048,'كليـة التربية قسم اللغة الإنجليزية ولغويات - كســلا',347),(5049,'كليـة التربية قسم الجغرافيا والتاريخ - كســلا',347),(5050,'كليـة التربية قسم التعليم قبل المدرسة - كســلا',347),(5051,'كليـة التربية قسم الإرشاد التربوي النفسى - كســلا',347),(5052,'كليـة التربية - لغة عربية وعلوم إسلامية - حلفا الجديدة',347),(5053,'كليـة التربية - لغة إنجليزية ولغويات - حلفا الجديدة',347),(5054,'كليـة التربية - جغرافيا وتاريخ - حلفا الجديدة',347),(5055,'كليـة التربية - التعليم قبل المدرسة – حلفا الجديدة',347),(5056,'كليـة التربية - الإرشاد التربوي النفسى – حلفا الجديدة',347),(5057,'كليـة التربيـة مرحلة الأسـاس ( إبتدائي – متوسط ) - كسلا',347),(5058,'كليـة التربيـة - التعليم الأسـاسي ( إبتدائي – متوسط ) – حلفا الجديدة',347),(5059,'كليـة الدراسات الإسلامية ( طلاب ) - كســلا',347),(5060,'كليـة الدراسات الإسلامية ( طالبات ) - كســلا',347),(5061,'كليـة القانون - كسلا',347),(5062,'كليـة الطـب والعلـوم الصحيـة - الطب والجراحة - القضارف',348),(5063,'كليـة الصيدلة - القضارف',348),(5064,'كليـة علوم المختبرات الطبية – القضارف',348),(5065,'كليـة الطـب والعلـوم الصحيـة - علوم التمريض – القضارف',348),(5066,'كلية الهندسة والعماره – الهندسة الكهربائية – القضارف',348),(5067,'كلية الهندسة والعماره – الهندسة المدنية – القضارف',348),(5068,'كلية الهندسة والعماره – الهندسة الميكانيكية – القضارف',348),(5069,'كليـة العلوم البيطرية – الشواك',348),(5070,'كليـة العلـوم الزراعيـة والبيئـة - القضارف',348),(5071,'كليـة علوم الحاسوب وتقانة المعلومات - علوم الحاسوب - القضارف',348),(5072,'كليـة علوم الحاسوب وتقانة المعلومات - تقانة المعلومات – القضارف',348),(5073,'كليـة علوم الحاسوب وتقانة المعلومات - نظم المعلومات – القضارف',348),(5074,'كليـة الشريعه والقانون – القضارف',348),(5075,'كليـة الإقتصاد والعلوم الإدارية – العلوم الإقتصادية والاجتماعية - القضارف',348),(5076,'كليـة الإقتصاد والعلوم الإدارية – العلــوم الإداريـة – القضارف',348),(5077,'كليـة التربيـة القسم العلمي (أحياء) - القضارف',348),(5078,'كليـة التربيـة القسم العلمى ( رياضيات – فيزياء ) – القضارف',348),(5079,'كليـة التربيـة القسم الأدبي – القضارف',348),(5080,'كليـة التربية التعليم الأساسي ( إبتدائى – متوسط ) – القضارف',348),(5081,'كلية الآداب والعلوم الإنسانية – الآثار والفلكلور – القضارف',348),(5082,'كلية الآداب والعلوم الإنسانية – العلوم الحضرية – القضارف',348),(5083,'كلية الآداب والعلوم الإنسانية – الدراسات الإسلامية - القضارف',348),(5084,'كلية الآداب والعلوم الإنسانية – اللغة العربية - القضارف',348),(5085,'كلية الآداب والعلوم الإنسانية – اللغة الإنجليزية - القضارف',348),(5086,'كليـة الطب والجراحة – سـنار',349),(5087,'كليـة الصيدلة – سنجـة',349),(5088,'كليـة علوم المختبرات الطبية – سـنار',349),(5089,'كليـة علوم التمريض – سـنار',349),(5090,'كلية الطب البيطري - الدندر',349),(5091,'كليـة الإنتاج الحيوانى – أبو نعامة',349),(5092,'كليـة الزراعـة – أبو نعامة',349),(5093,'كليـة المـوارد الطبيعيـة والدراسـات البيئيـة - السوكي',349),(5094,'كليـة الهندسـة - قسم المدنيـة – سـنار',349),(5095,'كليـة الهندسـة - قسم الميكانيكية - سـنار',349),(5096,'كليـة الهندسـة - قسم الكهربائية - سـنار',349),(5097,'كليـة الهندسـة - قسم الزراعية - سـنار',349),(5098,'كليـة الهندسـة - قسم الحاسوب - سـنار',349),(5099,'كليـة علوم الحاسوب وتقانة المعلومات – علوم الحاسوب – ودهاشم',349),(5100,'كليـة علوم الحاسوب وتقانة المعلومات – تقانة المعلومات - ودهاشم',349),(5101,'كليـة علوم الحاسوب وتقانة المعلومات – نظم الحاسوب والشبكات - ودهاشم',349),(5102,'كليـة الشريعة والقانون – مايرنو',349),(5103,'كليـة الإقتصاد والعلوم الإدارية - المحاسبة والإدارة المالية - سـنار',349),(5104,'كليـة الإقتصاد والعلوم الإدارية - إدارة الأعمال - سـنار',349),(5105,'كليـة الإقتصاد والعلوم الإدارية - البنوك والتمويل - سـنار',349),(5106,'كليـة الإقتصاد والعلوم الإدارية - الإقتصاد - سـنار',349),(5107,'كليـة الإقتصاد والعلوم الإدارية – الإحصاء والإقتصاد القياسي - سـنار',349),(5108,'كليـة التربية – الكيمياء والأحياء – سنجة',349),(5109,'كليـة التربية - الفيزياء والرياضيات – سنجة',349),(5110,'كليـة التربية - لغة انجليزية – سنجة',349),(5111,'كليـة التربية - جغرافيا وتاريخ – سنجة',349),(5112,'كليـة التربية - دراسات اسلامية ولغة عربية – سنجـة',349),(5113,'كليـة التربيـة التعليم الأسـاسي ( إبتدائي – متوسط ) ابوحجار',349),(5114,'كلية الآداب – الدراسات الإسلامية - سـنار',349),(5115,'كلية الآداب – اللغة العربية - سـنار',349),(5116,'كلية الآداب – اللغة الإنجليزية - سـنار',349),(5117,'كلية الآداب – التاريخ - سـنار',349),(5118,'كلية الآداب – الإعلام - سـنار',349),(5119,'كلية الآداب – الجغرافيا - سـنار',349),(5120,'كليـة الدراسات التجارية - كركوج',349),(5121,'كلية الطب والعلوم الصحية – الطب',350),(5122,'كلية الطب والعلوم الصحية – التمريض',350),(5123,'كليـة الهندسـة - قسم المدنيـــة – الروصيرص',350),(5124,'كليـة الهندسـة – قسم التعدين (طلاب فقط) – الروصيرص',350),(5125,'كليـة الهندسـة – قسم الميكانيـكا - الروصيرص',350),(5126,'كليـة الهندسـة - قسم الكهربــاء - الروصيرص',350),(5127,'كلية الزراعة والموارد الطبيعية – المحاصيل الحقلية والبستانية',350),(5128,'كلية الزراعة والموارد الطبيعية – الإنتاج الحيوانى',350),(5129,'كلية الزراعة والموارد الطبيعية – الهندسة الزراعية',350),(5130,'كلية الزراعة والموارد الطبيعية – علوم المراعى',350),(5131,'كلية الزراعة والموارد الطبيعية – علوم الغابات',350),(5132,'كلية الزراعة والموارد الطبيعية – الحياة البرية والأسماك',350),(5133,'كلية علوم الحاسوب وتقانة المعلومات – علوم الحاسوب – الروصيرص',350),(5134,'كلية علوم الحاسوب وتقانة المعلومات – تقانة المعلومات – الروصيرص',350),(5135,'كليـة الإقتصاد والعلوم الإدارية - المحاسبة – الروصيرص',350),(5136,'كليـة الإقتصاد والعلوم الإدارية - إدارة الأعمال – الروصيرص',350),(5137,'كليـة الإقتصاد والعلوم الإدارية - الإقتصاد – الروصيرص',350),(5138,'كليـة الإقتصاد والعلوم الإدارية – نظم المعلومات الإدارية – الروصيرص',350),(5139,'كلية التربية علمى - أحياء - الدمــازين',350),(5140,'كلية التربية علمى - كيمياء - الدمــازين',350),(5141,'كلية التربية علمى - رياضيات - الدمــازين',350),(5142,'كلية التربية علمى - فيزياء - الدمــازين',350),(5143,'كليـة التربيــة أدبي - الدمــازين',350),(5144,'كليـة التربيــة أدبي – المكتبات والمعلومات - الدمــازين',350),(5145,'كليـة التربيـة التعليم الأسـاسي ( إبتدائي – متوسط ) - الدمازين',350),(5146,'كلية الطـب - كوستى',351),(5147,'كلية علوم المختبرات الطبيـة – كوستى',351),(5148,'كلية علوم التمريـــــض - كوستى',351),(5149,'كلية  الصـحة العامــة وصحة البيئة – كوستى',351),(5150,'كلية الهندسة - الهندسـة الميكانيكيـة – ربك',351),(5151,'كلية الهندسة - هندسة التصنيع الغذائي – ربك',351),(5152,'كلية الهندسة - الهندسـة الكيمـيائيـة - ربك',351),(5153,'كلية الهندسة - الهندسـة الكهربائية – ربك',351),(5154,'كلية الهندسة - الهندسـة المدنية – ربك',351),(5155,'كلية علوم الحاسوب وتقنية المعلومات – علوم الحاسوب – كوستى',351),(5156,'كلية علوم الحاسوب وتقنية المعلومات – تقنية المعلومات – كوستى',351),(5157,'كليـة الشـريعة والقانـون - الجزيرة أبا',351),(5158,'كليـة الإقتصاد والعلوم الإدارية - الإقتصاد -  كوستى',351),(5159,'كليـة الإقتصاد والعلوم الإدارية - المحاسبة -  كوستى',351),(5160,'كليـة الإقتصاد والعلوم الإدارية – إدارة الأعمال -  كوستى',351),(5161,'كليـة الآداب – اللغة العربية - الجزيرة أبا',351),(5162,'كليـة الآداب - اللغة الإنجليزية – الجزيرة أبا',351),(5163,'كليـة الآداب – التاريخ - الجزيرة أبا',351),(5164,'كليـة الآداب – علم النفس - الجزيرة أبا',351),(5165,'كليـة الآداب - الجغرافيا - الجزيرة أبا',351),(5166,'كليـة الآداب – المكتبات والمعلومات – الجزيرة أبا',351),(5167,'كليـة الآداب – الدراسات الإسلامية – الجزيرة أبا',351),(5168,'كليـة الآداب  –الاعلام – الجزيرة أبا',351),(5169,'كلية التربية علمى – الأحياء',351),(5170,'كلية التربية علمى – الكيمياء',351),(5171,'كلية التربية علمى – الرياضيات',351),(5172,'كلية التربية علمى – الفيزياء',351),(5173,'كلية التربية أدبى – اللغة العربية',351),(5174,'كلية التربية أدبى – اللغة الإنجليزية',351),(5175,'كلية التربية أدبى – الدراسات الإسلامية',351),(5176,'كلية التربية أدبى – الجغرافيا',351),(5177,'كلية التربية أدبى – التاريخ',351),(5178,'كليـة الـطـب والعلوم الصحية – الطب والجراحة',352),(5179,'كليـة الـطـب والعلوم الصحية – علوم المختبرات الطبية',352),(5180,'كليـة الـطـب والعلوم الصحية – علوم التمريض',352),(5181,'كليـة الزراعـة والمـوارد الطبيعيـة',352),(5182,'كليـة العلـوم قسم الحاسوب',352),(5183,'كليـة العلـوم قسم الرياضيات',352),(5184,'كليـة العلـوم قسم الفيزياء',352),(5185,'كليـة العلـوم قسم الأحياء',352),(5186,'كليـة العلـوم قسم الكيمياء',352),(5187,'كليـة الإقتصاد والعلـوم الإداريــة',352),(5188,'كليـة الآداب – اللغة العربية',352),(5189,'كليـة الآداب - اللغة الإنجليزية',352),(5190,'كليـة الآداب – التاريخ',352),(5191,'كليـة الآداب – الجغرافيا',352),(5192,'كليـة الآداب – الدراسات الإسلامية',352),(5193,'كليـة الآداب – المكتبات والمعلومات',352),(5194,'كليـة التربية قسم أحياء',352),(5195,'كليـة التربية قسم كيمياء',352),(5196,'كليـة التربية قسم رياضيات',352),(5197,'كليـة التربية قسم فيزياء',352),(5198,'كلية التربية لغة عربية',352),(5199,'كليـة التربية لغـة عربيـة - ( نعيمة ) – طالبات',352),(5200,'كلية التربية لغة إنجليزية',352),(5201,'كلية التربية جغرافيا',352),(5202,'كلية التربية تاريخ',352),(5203,'كلية التربية دراسات إسلامية',352),(5204,'كليـة التربية دراسات إسلامية - ( نعيمة ) – طالبات',352),(5205,'كليـة التربيـة التعليم الأسـاسي ( إبتدائي – متوسط )',352),(5206,'كلية القانون',352),(5207,'كليـة الطـب  – الأبيض',353),(5208,'مدرسة طب الأسنان - الأبيض',353),(5209,'كليـة المختبرات الطبية – الأبيض',353),(5210,'كليـة التمريض – الابيض',353),(5211,'كليـة الصحة العامة – الأبيض',353),(5212,'كليـة الهندسـة والدراسات التقنيـة - قسم المدنية - خورطقت',353),(5213,'كليـة الهندسـة والدراسات التقنيـة - قسم الميكانيكا - خورطقت',353),(5214,'كليـة الهندسـة والدراسات التقنيـة - قسم الكهرباء - خورطقت',353),(5215,'كليـة الهندسـة والدراسات التقنيـة - قسم الكيميائية – خورطقت',353),(5216,'كليـة دراسات الحاسوب والإحصاء – علوم الحاسوب – الأبيض',353),(5217,'كليـة دراسات الحاسوب والإحصاء–  الحوسبة الإحصائية – الأبيض',353),(5218,'كليـة دراسات الحاسوب والإحصاء –  تقانة المعلومات – الأبيض',353),(5219,'كليـة المـوارد الطبيعيـة والدراسـات البيئيـة - الأبيض',353),(5220,'كليـة العلـوم  قسم  الرياضيات – خورطقت',353),(5221,'كليـة العلـوم  قسم  الجيولوجيا – خورطقت',353),(5222,'كليـة العلـوم  قسم الاحياء  –خورطقت',353),(5223,'كليـة الإقتصاد و الدراسات التجارية - الإقتصاد  - الأبيض',353),(5224,'كليـة الإقتصاد و الدراسات التجارية – المحاسبة والتمويل - الأبيض',353),(5225,'كليـة الإقتصاد و الدراسات التجارية – إدارة الأعمال – الأبيض',353),(5226,'كليـة الإقتصاد و الدراسات التجارية – الدراسات المصرفية والمالية - الأبيض',353),(5227,'كليـة الإقتصاد و الدراسات التجارية – نظم المعلومات الإدارية  - الأبيض',353),(5228,'كليـة الآداب - لغة عربية – خورطقت',353),(5229,'كليـة الآداب - لغة إنجليزية – خورطقت',353),(5230,'كليـة الآداب - لغة فرنسية – خورطقت',353),(5231,'كليـة الآداب - دراسات إسلامية – خورطقت',353),(5232,'كليـة الآداب - الإعلام – خورطقت',353),(5233,'كليـة الآداب – علم النفس – خورطقت',353),(5234,'كليـة التربية قسم الأحياء – الأبيض',353),(5235,'كليـة التربية  قسم الرياضيات – الأبيض',353),(5236,'كليـة التربية القسم الأدبي – الأبيض',353),(5237,'كليـة التربيـة التعليم الأسـاسي ( إبتدائي – متوسط ) - الأبيض',353),(5238,'كليـة الطب والعلوم الصحية – الطب والجراحة – الدلنــج',354),(5239,'كليـة الطب والعلوم الصحية – علوم التمريض – الدلنــج',354),(5240,'كليـة الطب والعلوم الصحية – الصحة العامة وصحة البيئة – الدلنــج',354),(5241,'كليـة العلـوم الزراعيـة – الدلنــج',354),(5242,'كليـة العلوم قسم الأحياء – الدلنج',354),(5243,'كليـة العلوم قسم الرياضيات – الدلنج',354),(5244,'كليـة علوم الحاسوب وتقانة المعلومات – علوم الحاسوب – الدلنج',354),(5245,'كليـة علوم الحاسوب وتقانة المعلومات – تقانة المعلومات – الدلنج',354),(5246,'كليـة علوم الحاسوب وتقانة المعلومات – نظم المعلومات - الدلنج',354),(5247,'كليـة الدراسات الإقتصادية ولإجتماعية – الإقتصاد والتنمية الريفية – الدلنج',354),(5248,'كليـة الدراسات الإقتصادية ولإجتماعية – الإدارة العامة  – الدلنج',354),(5249,'كليـة الدراسات الإقتصادية ولإجتماعية – المحاسبة والتمويل – الدلنج',354),(5250,'كليـة الدراسات الإقتصادية ولإجتماعية – إدارة الأعمال – الدلنج',354),(5251,'كليـة الدراسات الإقتصادية ولإجتماعية – الإقتصاد البحت  – الدلنج',354),(5252,'كليـة الدراسات الإقتصادية ولإجتماعية – الإجتماع والأنثربولجيا – الدلنج',354),(5253,'كليـة الدراسات الإقتصادية ولإجتماعية – التكاليف والمحاسبة الإدارية – الدلنج',354),(5254,'كليـة الدراسات الإقتصادية ولإجتماعية – الخدمة والرعاية الإجتماعية – الدلنج',354),(5255,'كليـة التربيـة قسـم الأحيــــاء - الدلنج',354),(5256,'كليـة التربيـة قسـم الريـاضيـات - الدلنج',354),(5257,'كليـة التربيـة القسم الأدبي - الدلنج',354),(5258,'كليـة التربيـة التعليم الأسـاسي ( إبتدائي – متوسط ) - الدلنج',354),(5259,'كليـة التربية التعليم الأساسي – التعليم قبل المدرسي – طالبات فقط – الدلنج',354),(5260,'كليـة التربية البدنية وعلوم الرياضة – الدلنج',354),(5261,'كليـة الطب والعلوم الصحية – الطب – النهود',355),(5262,'كليـة علوم المختبرات الطبية – النهود',355),(5263,'كليـة الصحة العامة وصحة البيئة – النهود',355),(5264,'كلية علوم البصريات - النهود',355),(5265,'كليـة القبالة والتمريض – علوم التمريض – النهود',355),(5266,'كليـة الطب البيطري – غبيش',355),(5267,'كلية الانتاج الحيوانى',355),(5268,'كليـة علوم الحاسوب وتقانة المعلومات – علوم الحاسوب - النهود',355),(5269,'كليـة علوم الحاسوب وتقانة المعلومات – تقانة المعلومات – النهود',355),(5270,'كليـة علوم الحاسوب وتقانة المعلومات – نظم المعلومات - النهود',355),(5271,'كليـة الشريعة والقانون – أبوزبد',355),(5272,'كليـة الدراسات الإقتصادية والاجتماعية – النهود',355),(5273,'كليـة العلوم الادارية – النهود',355),(5274,'كليـة الإعلام',355),(5275,'كليـة العلـوم الإسلامية واللغة العربية – النهود',355),(5276,'كليـة التربيـة قسم الأحياء – النهود',355),(5277,'كليـة التربيـة قسم الرياضيات - النهود',355),(5278,'كليـة التربيـة القسم الأدبي – النهود',355),(5279,'كليـة التربيـة التعليم الأسـاسي ( إبتدائي – متوسط ) - النهود',355),(5280,'كلية الطب والعلوم الصحية – بكالوريوس الطب – المجلد',356),(5281,'كلية الطب والعلوم الصحية – بكالوريوس التمريض – المجلد',356),(5282,'كليـة الطب البيطرى – الفولة',356),(5283,'كليـة هندسة النفط والمياه – هندسة النفط – المجلد',356),(5284,'كليـة هندسة النفط والمياه – هندسة الإستكشاف النفطى – طلاب – المجلد',356),(5285,'كليـة هندسة النفط والمياه – هندسة التكرير والبتروكيماويات – المجلد',356),(5286,'كليـة الموارد الطبيعية والدراسات البيئية – الفولة',356),(5287,'كليـة العلوم الإدارية والمالية – بابنوسة',356),(5288,'كليـة الإقتصاد وتنميـة المجتمـع – بابنوسة',356),(5289,'كليـة الآداب – لقاوة',356),(5290,'كلية التربية القسم العلمي – الفولة',356),(5291,'كلية التربية القسم الأدبى – الفولة',356),(5292,'كليـة التربيـة التعليم الأسـاسي ( إبتدائي – متوسط ) - الفولة',356),(5293,'كلية العلوم الإسلامية – الدراسات الإسلامية - الدبب',356),(5294,'كلية العلوم الإسلامية – الدعوة والإعلام - الدبب',356),(5295,'كليـة الطـب – الفاشـر - الفاشـر',357),(5296,'كلية طب الأسنان - الفاشـر',357),(5297,'كلية الصيدلة - الفاشـر',357),(5298,'كلية المختبرات الطبية - الفاشـر',357),(5299,'كليـة العلوم الصحية – علوم التمريض - الفاشـر',357),(5300,'كلية الطب البيطري',357),(5301,'كليـة الهندسة قسم الهندسة المدنية – الفاشر',357),(5302,'كليـة الهندسة قسم الهندسة الكهربائية – الفاشر',357),(5303,'كليـة علـوم البيئـة والمـوارد الطبيعيـة - الفاشر',357),(5304,'كليـة الزراعـة - كبكابية',357),(5305,'كلية علوم الحاسوب وتقانة المعلومات – علوم الحاسوب – الفاشر',357),(5306,'كلية علوم الحاسوب وتقانة المعلومات – تقانة المعلومات – الفاشر',357),(5307,'كلية العلوم الرياضية – الرياضيات - الفاشر',357),(5308,'كلية العلوم الرياضية – الإحصاء – الفاشر',357),(5309,'كلية العلوم الرياضية – الرياضيات / حاسوب – الفاشر',357),(5310,'كلية العلوم الرياضية – الإحصاء / حاسوب - الفاشر',357),(5311,'كليـة الشريعة والقانون – الفاشر',357),(5312,'كليـة العلوم الإدارية – الفاشــر',357),(5313,'كليـة الإقتصاد والدراسات الإجتماعية – الفاشــر',357),(5314,'كليـة الآداب – الفاشر',357),(5315,'كليـة القرآن الكريم والدراسات الإسلامية – القراءات  - الفاشــر',357),(5316,'كليـة القرآن الكريم والدراسات الإسلامية - د.الإسلامية  - الفاشــر',357),(5317,'كليـة التربيـة قسـم الأحياء – الفاشــر',357),(5318,'كليـة التربيـة قسـم الرياضيات – الفاشــر',357),(5319,'كليـة التربيـة القسـم الأدبي – الفاشــر',357),(5320,'كليـة التربيـة التعليم الأسـاسي ( إبتدائي – متوسط ) - الفاشر',357),(5321,'كلية الطب - نيالا',358),(5322,'كلية علوم المختبرات الطبية',358),(5323,'كلية علوم التمريض',358),(5324,'كليـة العلوم البيطـرية - نيـالا',358),(5325,'كليـة العلـوم الهندسـية قسم الهندسة المدنية - نيـالا',358),(5326,'كليـة العلـوم الهندسـية قسم الهندسة الميكانيكية - نيـالا',358),(5327,'كليـة العلـوم الهندسـية قسم الهندسة الكهربائية والالكترونية - نيـالا',358),(5328,'كليـة علوم الحاسوب وتقانة المعلومات – علوم الحاسوب - نيـالا',358),(5329,'كليـة علوم الحاسوب وتقانة المعلومات – تقانة المعلومات - نيـالا',358),(5330,'كليـة العلوم – الرياضيات - نيـالا',358),(5331,'كليـة العلوم - الفيزياء - نيـالا',358),(5332,'كليـة العلوم – الجيولوجيا - نيـالا',358),(5333,'كليـة العلوم – الكيمياء - نيـالا',358),(5334,'كليـة العلوم – النبات - نيـالا',358),(5335,'كليـة العلوم – الحيوان - نيـالا',358),(5336,'كليـة القانون والشريعة – نيالا',358),(5337,'كليـة الإقتصاد والدراسـات التجـارية - المحاسبة – نيالا',358),(5338,'كليـة الإقتصاد والدراسـات التجـارية - ادارة الاعمال – نيالا',358),(5339,'كليـة الإقتصاد والدراسـات التجـارية - الإقتصاد - نيـالا',358),(5340,'كليـة الإقتصاد والدراسـات التجـارية - البنوك والتمويل – نيالا',358),(5341,'كليـة التربيـة – الكيمياء والأحيـاء – نيـالا',358),(5342,'كليـة التربيـة – الفيزياء والرياضيــات - نيــالا',358),(5343,'كليـة التربيـة – اللغة العربية والدراسات الإسلامية - نيـالا',358),(5344,'كليـة التربيـة – اللغة الإنجليزية واللغة الفرنسية - نيالا',358),(5345,'كليـة التربيـة – الجغرافيا والتاريخ – نيالا',358),(5346,'كليـة التربيـة التعليم الأسـاسي ( إبتدائي – متوسط ) - نيالا',358),(5347,'كلية الطب - زالنجى',359),(5348,'كلية العلوم الصحية – علوم التمريض – زالنجى',359),(5349,'كلية العلوم الصحية – الصحة العامة – زالنجى',359),(5350,'كليـة الزراعـة - زالنجى',359),(5351,'كليـة علوم الغابات – زالنجى',359),(5352,'كلية علوم وتقانة الانتاج الحيوانى – مكجر',359),(5353,'كليـة علوم الحاسوب وتقانة المعلومات – علوم الحاسوب – زالنجى',359),(5354,'كليـة علوم الحاسوب وتقانة المعلومات – تقانة المعلومات – زالنجى',359),(5355,'كليـة علوم الحاسوب وتقانة المعلومات – شبكات الحاسوب – زالنجى',359),(5356,'كليـة الإقتصاد والعلوم الإدارية – زالنجى',359),(5357,'كليـة التربيـة قسـم علوم الحيــــاة - زالنجى',359),(5358,'كليـة التربيـة قسـم الكيمياء - زالنجى',359),(5359,'كليـة التربيـة قسـم الريـاضيـات - زالنجى',359),(5360,'كليـة التربيـة قسـم الفيزياء - زالنجى',359),(5361,'كليـة التربيـة قسم الدراسـات الإسـلامية - زالنجى',359),(5362,'كلية التربية قسم اللغة العربية - زالنجى',359),(5363,'كلية التربية قسم الجغرافيا - زالنجى',359),(5364,'كلية التربية قسم التاريخ - زالنجى',359),(5365,'كلية التربية قسم اللغة الانجليزية - زالنجى',359),(5366,'كليـة التربيـة قسـم التوجيه والإرشاد النفسي - زالنجى',359),(5367,'كليـة التربيـة التعليم الأسـاسي ( إبتدائي – متوسط ) - زالنجى',359),(5368,'كلية الطب – الجنينة',360),(5369,'كلية العلوم الصحية – التمريض – الجنينة',360),(5370,'كلية العلوم الصحية – الصحة العامة – الجنينة',360),(5371,'كليـة العلوم البيطرية – فوربرنقا',360),(5372,'كليـة علوم التقانة – علوم الحاسوب – الجنينة',360),(5373,'كليـة علوم التقانة – تقانة المعلومات – الجنينة',360),(5374,'كليـة التربيـة قسم الأحياء – الجنينة',360),(5375,'كليـة التربيـة قسم الكيمياء – الجنينة',360),(5376,'كليـة التربيـة قسم الرياضيات – الجنينة',360),(5377,'كليـة التربيـة قسم الفيزياء – الجنينة',360),(5378,'كليـة الإقتصاد والدراسات الاجتماعية – الجنينة',360),(5379,'كليـة الإعلام  – الجنينة',360),(5380,'كلية القانون – الجنينة',360),(5381,'كليـة التربيـة القسم الأدبى – الجنينة',360),(5382,'كليـة التربيـة التعليم الأسـاسي ( إبتدائي – متوسط ) - الجنينة',360),(5383,'كلية الدراسات الإسلامية - الجنينة',360),(5384,'كليـة الطب والعلوم الصحية – الطب والجراحة',361),(5385,'كليـة الطب والعلوم الصحية – المختبرات الطبية',361),(5386,'كليـة الطب والعلوم الصحية – علوم التمريض',361),(5387,'كليـة الهندسـة - الهندسة المدنية',361),(5388,'كليـة الهندسـة - الهندسة الميكانيكية',361),(5389,'كليـة الهندسـة - الهندسة الكهربائية',361),(5390,'كلية العلوم والتكنولوجيا – تقانة المعلومات',361),(5391,'كليـة العلـوم والتكنولوجيا – علوم وتكنولوجيا الأغذيـة',361),(5392,'كلية العلوم الادارية - ادارة الاعمال',361),(5393,'كلية التربية - قسم الأحياء',361),(5394,'كلية التربية – قسم الكيمياء',361),(5395,'كلية التربية – قسم الرياضيات',361),(5396,'كلية التربية – قسم الفيزياء',361),(5397,'كلية التربية – قسم التربية التقنية',361),(5398,'كلية الطب والجراحة',362),(5399,'كلية علوم المختبرات الطبية',362),(5400,'كلية التمريض',362),(5401,'كلية الهندسة – الهندسة الميكانيكية',362),(5402,'كلية الهندسة – الهندسة المدنية',362),(5403,'كلية الهندسة – الهندسة الكهربائية والإلكترونية',362),(5404,'كلية الهندسة – هندسة التعدين',362),(5405,'كلية علوم الحاسوب وتقانة المعلومات – علوم الحاسوب',362),(5406,'كلية علوم الحاسوب وتقانة المعلومات – تقانة المعلومات',362),(5407,'كلية الإنتاج الحيوانى',362),(5408,'كلية التربية – اللغة العربية',362),(5409,'كلية التربية – الدراسات الإسلامية',362),(5410,'كلية التربية – اللغة الانجليزية',362),(5411,'كلية التربية – الجغرافيا',362),(5412,'كلية التربية – التاريخ',362),(5413,'كلية التربية – الفيزياء والرياضيات',362),(5414,'كلية القانون',362),(5415,'كلية العلوم الإدارية – المحاسبة',362),(5416,'كلية العلوم الإدارية – إدارة الأعمال',362),(5417,'كلية الدعوة والدراسات الإسلامية – الدعوة',362),(5418,'كلية الدعوة والدراسات الإسلامية – الدراسات الإسلامية',362),(5419,'كليـة الدراسات التنموية - تنميـة المجتمـع – ابومطارق',362),(5420,'كليـة الدراسات التنموية - التنميـة الإقتصادية - ابومطارق',362),(5421,'كليـة الدراسات التنموية – علم الإجتماع والأنثربولوجيا – ابومطارق',362),(5422,'كلية الطب والعلوم الصحية – المناقل',363),(5423,'كلية طب الأسنان – المناقل',363),(5424,'كلية الصيدلة – المناقل',363),(5425,'كلية المختبرات الطبية – المناقل',363),(5426,'كلية التمريض – المناقل',363),(5427,'كلية الهندسة - الهندسة الميكانيكية – 24 القرشى',363),(5428,'كلية الهندسة - الهندسة الكهربائية – 24 القرشى',363),(5429,'كلية العلوم الإدارية – المحاسبة والتمويل – 24 القرشى',363),(5430,'كلية العلوم الإدارية – إدارة الأعمال - 24 القرشى',363),(5431,'كليـة الهندسـة – الهندسة المدنية – ابوجبيهة',364),(5432,'كليـة الهندسة - الهندسة الميكانيكية – ابوجبيهة',364),(5433,'كليـة الهندسة - الهندسة الكهربائية – ابوجبيهة',364),(5434,'كليـة الغابات وعلوم المراعى – رشاد',364),(5435,'كلية علوم الحاسوب وتقانة المعلومات – كالوقى',364),(5436,'كلية الإنتاج الحيوانى – ابوكرشولا',364),(5437,'كليـة الإقتصاد والعلوم الإدارية – المحاسبة والتمويل - ابوجبيهة',364),(5438,'كليـة الإقتصاد والعلوم الإدارية – إدارة الأعمال – ابوجبيهة',364),(5439,'كليـة الإقتصاد والعلوم الإدارية - الإقتصاد – ابوجبيهة',364),(5440,'كلية العلوم الإسلامية والعربية – اللغة العربية والدراسات الإسلامية - العباسية تقلى',364),(5441,'كلية العلوم الإسلامية والعربية – الشريعة والقانون - العباسية تقلى',364),(5442,'كلية العلوم الإسلامية والعربية – الدعوة والإعلام – العباسية تقلى',364),(5443,'كليـة التربيـة القسـم العلمي – العباسية تقلى',364),(5444,'كليـة التربيـة القسم الأدبي – العباسية تقلى',364),(5445,'كليـة التربيـة التعليم الأسـاسي ( إبتدائي – متوسط ) العباسية تقلى',364),(5446,'كلية علوم التمريض',365),(5447,'كلية العماره',365),(5448,'كلية الهندسة - البكالوريوس التكنولوجى فى الهندسة المدنية',365),(5449,'كلية الهندسة - البكالوريوس التكنولوجى فى هندسة الكهرباء - تحكم',365),(5450,'كلية الهندسة - البكالوريوس التكنولوجى فى هندسة الكهرباء - قدرة',365),(5451,'كلية الهندسة - البكالوريوس التكنولوجى فى هندسة الكهرباء - اتصالات',365),(5452,'كلية الهندسة - البكالوريوس التكنولوجى فى هندسة الكهرباء - الكترونيات وحاسوب',365),(5453,'كلية الدراسـات التجـارية',365),(5454,'كلية نظم المعلومات – ( المحاسبية – الإدارية – المصرفية )',365),(5455,'كلية علوم الحاسوب وتقانة المعلومات - تقانة المعلومات',365),(5456,'القانون',365),(5457,'كلية المختبرات الطبية - الخرطوم',366),(5458,'كلية التمريض - الخرطوم',366),(5459,'كلية التمريض – الحصاحيصا',366),(5460,'كلية التمريض – سنجة',366),(5461,'كلية التمريض – كوستي',366),(5462,'كلية التمريض – عطبرة',366),(5463,'كلية التمريض – الفولة',366),(5464,'كلية التمريض – دنقلا',366),(5465,'كلية التمريض – مدني',366),(5466,'كلية التمريض – الأبيض',366),(5467,'كلية القبالة – طالبات فقط – أم درمان',366),(5468,'كلية الدراسات التنموية  - الحديبة',336),(5469,'اللغــــات (عربي ، إنجليزي، فرنسي)',367),(5470,'كلية الحاسوب وتقنية المعلومات – علوم الحاسوب',368),(5471,'كلية الحاسوب وتقنية المعلومات – تقنية المعلومات',368),(5472,'كليـة العلوم الإدارية',368),(5473,'كليـة العلوم الإقتصادية والمالية',368),(5474,'كليـة القانون',368),(5475,'كلية اللغات ( لغة إنجليزية – لغة عربية)',368),(5476,'كليـة الإعلام',368),(5477,'كليـة التربية',368),(5478,'تعليم اللغة العربية للناطقين بغيرها',368),(5479,'كليـة الطب',369),(5480,'كليـة طب وتقانة الأسنان',369),(5481,'كليـة الصيدلة',369),(5482,'كليـة المختبرات الطبية',369),(5483,'كليـة علوم التمريض',369),(5484,'كليـة تقانة الأشعة والطب النووي',369),(5485,'كليـة التقنية والعلوم الصحية - علم النفس الجنائى والسريرى',369),(5486,'كليـة التقنية والعلوم الصحية-التخدير',369),(5487,'كليـة التقنية والعلوم الصحية - العلاج الطبيعى',369),(5488,'كليـة التقنية والعلوم الصحية – التغذية والتغذية العلاجية',369),(5489,'كليـة العمارة',369),(5490,'كلية دراسات الحاسوب – علوم الحاسوب',369),(5491,'كليـة دراسات الحاسوب - تقنية المعلومات',369),(5492,'كليـة اللغات والترجمـة',369),(5493,'كليـة الدراسات الإسلامية – الدراسات الإسلامية',369),(5494,'كلية العلوم الإقتصادية والإدارية والمالية – العلوم الإقتصادية',369),(5495,'كلية العلوم الإقتصادية والإدارية والمالية – العلوم الإدارية',369),(5496,'كليـة علوم البيئة وإدارة مخاطر الكوارث - إدارة المنظمات',369),(5497,'كليـة علوم البيئة وإدارة مخاطر الكوارث - الحماية المدنية',369),(5498,'كليـة علوم البيئة وإدارة مخاطر الكوارث - علوم الكوارث',369),(5499,'كليـة الإعلام',369),(5500,'كليـة القانون',369),(5501,'كليـة الطب والجراحة',370),(5502,'كليـة طب الأسنان',370),(5503,'كليـة الصيدلـة',370),(5504,'كليـة علوم المختبرات الطبية',370),(5505,'كليـة علوم التمريض (طالبات)',370),(5506,'كليـة الهندسة -الميكانيكية - طلاب',370),(5507,'كليـة الهندسة - الألكترونية والكهربائية',370),(5508,'كليـة الهندسة – المعمار',370),(5509,'كليـة الهندسة - المدنية',370),(5510,'كليـة الحاسـوب وتقانة المعلومات – علوم الحاسوب',370),(5511,'كليـة الحاسـوب وتقانة المعلومات – تقانة المعلومات',370),(5512,'كليـة الحاسـوب وتقانة المعلومات – نظم المعلومات',370),(5513,'كليـة العلوم البحتة والتطبيقية',370),(5514,'كليـة المعادن والنفط* - طلاب فقط',370),(5515,'كليـة الشريعة والقانون',370),(5516,'كليـة الاعلام',370),(5517,'كليـة الآداب',370),(5518,'كليـة الدراسات الإسلامية',370),(5519,'كليـة التربية علمي',370),(5520,'كليـة التربية أدبي',370),(5521,'كليـة تقانة الانتاج والتصنيع الزراعي',370),(5522,'كليـة الإقتصاد والعلوم السياسية',370),(5523,'كليـة العلوم الإدارية',370),(5524,'كلية العلوم الاسرية وتنمية المجتمع – ( تنمية الأسرة - تنمية المجتمع* ) – (طالبات)',370),(5525,'كلية العلوم الاسرية وتنمية المجتمع – ( علوم التغذية - تكنولوجيا الأغذية )- (طالبات)',370),(5526,'كلية الألسن',370),(5527,'كليـة القـرآن الكريـم وعلومه –           ( القراءات – التفسير وعلوم القرآن )',370),(5528,'كلية الكوارث والأمن الإنسانى – الكوارث والبيئة',370),(5529,'كلية الكوارث والأمن الإنسانى – (المنظمات والعمل الطوعى – النزاعات والأمن الإنسانى )',370),(5530,'كلية اللغة العربية - اللغة العربية',370),(5531,'كلية اللغة العربية - تعليم اللغة العربية للناطقين بغيرها',370),(5532,'كليـة الطب',371),(5533,'كليـة طب الفم والأسنان',371),(5534,'كليـة الصيدلة',371),(5535,'كليـة المختبرات الطبية',371),(5536,'كليـة التمريض',371),(5537,'كليـة الأشعة التشخيصية',371),(5538,'كليـة الهندسة المدنية',371),(5539,'كليـة الهندسة الميكانيكية - انتاج',371),(5540,'كليـة الهندسة الميكانيكية – قدره',371),(5541,'كليـة الهندسة الكهربائية – نظم التحكم',371),(5542,'كليـة الهندسة الكهربائية – نظم القدره',371),(5543,'كليـة الهندسة الكهربائية – النظم الإلكترونية',371),(5544,'كليـة الهندسة الكهربائية – الإتصالات',371),(5545,'كليـة الهندسة الكيميائية',371),(5546,'كليـة هندسة الطيران – نظم الكترونيات الطائرات',371),(5547,'كليـة هندسة الطيران – ميكانيكا الطائرات',371),(5548,'كلية هندسة المساحة',371),(5549,'كليـة الحاسـوب – علوم الحاسوب',371),(5550,'كليـة الحاسـوب - تقنية المعلومات',371),(5551,'كليـة الحاسـوب – شبكات الحاسوب',371),(5552,'كليـة الحاسـوب – هندسة البرمجيات',371),(5553,'كليـة الحاسـوب – نظم المعلومات',371),(5554,'كليـة الحاسـوب – أمن المعلومات',371),(5555,'كلية الاقتصاد والعلوم الإدارية',371),(5556,'كلية الآداب – اللغة الصينية',371),(5557,'كلية الآداب – لغة إنجليزية',371),(5558,'مدرسة  الطـب',372),(5559,'مدرسة الصيدلة',372),(5560,'مدرسة العلـوم الصحية',372),(5561,'مدرسة العلوم الإدارية',372),(5562,'مدرسة التنميـة الريفيـة',372),(5563,'مدرسة علـم النفـس ورياض الأطفال',372),(5564,'كليـة الطب',373),(5565,'كليـة طب الأسنان',373),(5566,'كليـة الصيدلة',373),(5567,'كليـة المختبرات الطبية',373),(5568,'كليـة التمريض',373),(5569,'كلية التصوير الطبي',373),(5570,'كلية علوم البصريات',373),(5571,'كلية العلاج الطبيعى',373),(5572,'كليـة الهندسة - هندسة العماره',373),(5573,'كلية الهندسة - المدنية',373),(5574,'كلية الهندسة - الكهربائية (انظمة التحكم)',373),(5575,'كلية الهندسة - الكهربائية (انظمة القدرة)',373),(5576,'كليـة الهندسة – الإلكترونية',373),(5577,'كليـة الهندسة - الشبكات والإتصالات',373),(5578,'كليـة الهندسة -  الطبية',373),(5579,'كليـة الهندسة - نظم الحاسوب',373),(5580,'كليـة الهندسة - هندسة الميكاترونيكس',373),(5581,'كليـة الهندسة - هندسة ميكانيكا – قوى',373),(5582,'كليـة الهندسة - هندسة ميكانيكا - انتاج',373),(5583,'الحوسبة ونظم المعلومات - إدارة الشبكات',373),(5584,'الحوسبة ونظم المعلومات - تطوير أنظمة الأنترنت',373),(5585,'الحوسبة ونظم المعلومات - حوسبة أعمال',373),(5586,'الحوسبة ونظم المعلومات - إدارة وأمن المعلومات',373),(5587,'كليـة العلوم الإدارية',373),(5588,'الإقتصاد والدراسات المالية والمصرفية',373),(5589,'كلية الطب',374),(5590,'كلية المختبرات الطبية',374),(5591,'كليـة الهندسة - هندسة العماره',374),(5592,'كليـةالهندسة - هندسة الكهرباء(قوى)',374),(5593,'كليـة الهندسة - هندسة الاتصالات',374),(5594,'كليـة الهندسة - هندسة الحاسوب',374),(5595,'كلية العلوم التطبيقية والحاسوب - علوم الحاسوب',374),(5596,'كلية العلوم التطبيقية والحاسوب – تقانة المعلومات',374),(5597,'كلية العلوم التطبيقية والحاسوب - الرياضيات التطبيقية',374),(5598,'كلية العلوم التطبيقية والحاسوب - الفيزياء التطبيقية',374),(5599,'كلية العلوم التطبيقية والحاسوب - الفيزياء والرياضيات',374),(5600,'كليـة العلوم البيئية - تقانة البيئة',374),(5601,'كليـة العلوم البيئية - إدارة البيئة',374),(5602,'كلية الإقتصاد والعلوم الإدارية - المحاسبة',374),(5603,'كلية الإقتصاد والعلوم الإدارية – إدارة الأعمال',374),(5604,'كلية الإقتصاد والعلوم الإدارية – الإقتصاد',374),(5605,'كلية الإقتصاد والعلوم الإدارية – البنوك والتأمين',374),(5606,'كلية الإقتصاد والعلوم الإدارية – السكرتارية التنفيذية وإدارة المكاتب',374),(5607,'كليـة التصميم',374),(5608,'كليـة الآداب - اللغة العربية',374),(5609,'كليـة الآداب - اللغة الانجليزية',374),(5610,'كليـة الآداب - اللغة الفرنسية',374),(5611,'كليـة الآداب - التاريخ والحضارة',374),(5612,'كليـة الآداب - التوثيق والمكتبات',374),(5613,'كليـة الآداب - علوم الاتصال',374),(5614,'كليـة الطــــــب',375),(5615,'كليـة طب الأســنان',375),(5616,'كليـة الصيــدلـة',375),(5617,'كليـة المختبرات الطبية',375),(5618,'كليـة علوم التمريض',375),(5619,'كليـة هندسة العمــارة',375),(5620,'كليـة الهندسة المدنية',375),(5621,'كليـة الهندسة الكيميائية',375),(5622,'كليـة الهندسة الالكترونية والكهربائية – النظم الالكترونية والحاسوب',375),(5623,'كليـة الهندسة الالكترونية والكهربائية - هندسة الاتصالات',375),(5624,'كليـة الهندسة الالكترونية والكهربائية -  هندسة برمجيات النظم الالكترونية',375),(5625,'كليـة الهندسة الطبية',375),(5626,'كليـة علوم الحاسوب – علوم الحاسوب',375),(5627,'كليـة علوم الحاسوب – تكنولوجيا المعلومات والاتصالات',375),(5628,'كليـة علوم الحاسوب – تقنية المعلومات',375),(5629,'كليـة علوم الحاسوب - نظم المعلومات',375),(5630,'كليـة العلوم الإدارية - المحاســــبة',375),(5631,'كليـة العلوم الإدارية - إدارة الأعمــال',375),(5632,'كليـة الطـــب (الخرطوم - رواندا )',376),(5633,'كليـة طب الأســــنان  (الخرطوم - رواندا )',376),(5634,'كليـة الصيــدلـــة',377),(5635,'كليـة علوم المختبرات الطبية',377),(5636,'كليـة علوم التمـريض',377),(5637,'كليـة علوم الأشـــعة',377),(5638,'كلية التخدير',377),(5639,'كليـة الهندسة – الهندسة الكهربائية',377),(5640,'كليـة الهندسة – الهندسة الإلكترونية  - تحكم',377),(5641,'كليـة الهندسة – الهندسة الإلكترونية - الاتصالات',377),(5642,'كليـة الهندسة – الهندسة الطبية',377),(5643,'كليـة الهندسة – العماره',377),(5644,'كليـة القانون',377),(5645,'كليـة إدارة الأعمال',377),(5646,'كليـة الإعـــلام',377),(5647,'كليـة الدراسات الإقتصادية والإجتماعية والبيئية',377),(5648,'كليـة العمارة - هندسة العمارة والتصميم',378),(5649,'كليـة الهندسة - هندسة ميكانيكية الكترونية',378),(5650,'كليـة الهندسة - هندسة الطاقة المتجددة',378),(5651,'كليـة الهندسة - هندسة الإلكترونيات',378),(5652,'كليـة الإتصالات - هندسة الاتصالات',378),(5653,'كليـة الهندسة - الهندسة الطبية الحيوية',378),(5654,'كليـة الهندسة - هندسة الحاسوب',378),(5655,'كليـة الهندسة - هندسة الليزر',378),(5656,'كليـة الإتصالات - هندسة الاقمار الصناعية',378),(5657,'كليـة علوم الحاسوب - علـوم الحاسـوب',378),(5658,'كليـة علوم الحاسوب - هندسة البرمجيات',378),(5659,'كليـة تقنيـة المعلومات – الهندسة المعرفية',378),(5660,'كليـة تقنيـة المعلومات – تقنية المعلومات',378),(5661,'كليـة تقنيـة المعلومات – الإدارة المعرفية',378),(5662,'كليـة نظم المعلومات الجغرافية',378),(5663,'كليـة الفنون والتصميم',378),(5664,'كلية العلوم الإدارية - إدارة الأعمال',378),(5665,'كلية العلوم الإدارية - المحاسبة التمويل',378),(5666,'كلية العلوم الإدارية-إدارة الأعمال ( تسويق )',378),(5667,'كلية العلوم الإدارية - إدارة الموارد البشرية',378),(5668,'كليـة الطب',379),(5669,'كلية الصيدلة',379),(5670,'علوم التمريض',379),(5671,'كليـة هندسة المعمار',379),(5672,'كليـة الهندسة المدنية',379),(5673,'كليـة الهندسة الكهربائية (تحكم – قدرة)',379),(5674,'كليـة الهندسة – هندسة الكترونيات صناعية',379),(5675,'كليـة الهندسة – هندسة الإتصالات',379),(5676,'كليـة الهندسة الطبية الحيوية',379),(5677,'كلية علوم الحاسوب وتقانة المعلومات –  علوم الحاسوب',379),(5678,'كلية علوم الحاسوب وتقانة المعلومات –  - هندسة البرمجيات',379),(5679,'كلية علوم الحاسوب وتقانة المعلومات – تقانة المعلومات',379),(5680,'كلية علوم الحاسوب وتقانة المعلومات – نظم المعلومات',379),(5681,'كليـة العلوم الإدارية',379),(5682,'كليـة العلوم الإدارية – السكرتارية',379),(5683,'كليـة اللغات – لغة عربية ولغة إنجليزية',379),(5684,'كليـة اللغات – لغة إنجليزية',379),(5685,'كليـة اللغات – لغة إنجليزية ولغة عربية',379),(5686,'كليـة اللغات – اللغة الفرنسية',379),(5687,'العمارة والتخطيط',380),(5688,'علوم الحاسوب – علوم الحاسوب',380),(5689,'علوم الحاسوب - نظم المعلومات المحاسبية والتجارية',380),(5690,'المحاسبة وإدارة الأعمال',380),(5691,'اللغـة الإنجلـيزية',380),(5692,'علم النفس التطبيقي',380),(5693,'كلية الطب والجراحة',381),(5694,'كلية طب وجراحة الأسنان',381),(5695,'كلية الصيدلة السريرية والصناعية',381),(5696,'كلية علوم المختبرات الطبية',381),(5697,'كلية علوم التمريض والقبالة',381),(5698,'كلية الاشعة والتصوير الطبى',381),(5699,'كلية العلاج الطبيعي',381),(5700,'كلية الهندسة والعماره – الهندسة المدنية',381),(5701,'كلية الهندسة والعماره – العماره',381),(5702,'كلية الهندسة والعماره – الهندسة الكهربائية والإلكترونية',381),(5703,'كلية علوم الحاسوب وتقانة المعلومات – علوم الحاسوب',381),(5704,'كلية علوم الحاسوب وتقانة المعلومات – تقانة المعلومات',381),(5705,'كلية العلوم الإدارية',381),(5706,'كلية العلاقات الدولية ود. الدبلوماسية',381),(5707,'كلية الطب والجراحة',382),(5708,'كلية علوم المختبرات الطبية',382),(5709,'كلية علوم التمريض',382),(5710,'كلية العلاج الطبيعى',382),(5711,'كلية الهندسة – الميكاترونكس',382),(5712,'كلية الهندسة – الإتصالات والالكترونيات',382),(5713,'كلية الهندسة – الطبية الحيوية',382),(5714,'كلية علوم الحاسوب وتقانة المعلومات - هندسة البرمجيات',382),(5715,'كلية علوم الحاسوب وتقانة المعلومات – الذكاء الإصطناعي',382),(5716,'كلية علوم الحاسوب وتقانة المعلومات –        تقانة المعلومات - بحري',382),(5717,'كلية علوم الحاسوب وتقانة المعلومات –        تقانة المعلومات - القطينة',382),(5718,'كلية الدراسات الإقتصادية – بحري',382),(5719,'كلية الدراسات الإقتصادية - القطينة',382),(5720,'كلية العلوم الإدارية - بحري',382),(5721,'كلية العلوم الإدارية – القطينة',382),(5722,'كلية علوم الإتصال – الإعلام – بحرى',382),(5723,'كلية علوم الإتصال – الإعلام – القطينة',382),(5724,'كلية علوم الإتصال - الوسائط المتعددة – بحرى',382),(5725,'كلية علوم الإتصال - الوسائط المتعددة - القطينة',382),(5726,'كلية الطب البشري',383),(5727,'كلية طب الأسنان وجراحة الفم',383),(5728,'كلية الصيدلة',383),(5729,'كاية علوم المختبرات الطبية',383),(5730,'كلية علوم الأشعة',383),(5731,'كلية علوم التمريض',383),(5732,'كلية علوم البصريات',383),(5733,'كلية العلاج الطبيعي',383),(5734,'كلية الهندسة – الهندسة البيئية',383),(5735,'كلية الهندسة – هندسة الأغذية',383),(5736,'كلية الهندسة – هندسة الجيومايتكس',383),(5737,'كلية علوم الحاسوب وتقانة المعلومات - تقانة المعلومات',383),(5738,'كلية إدارة الأعمال',383),(5739,'تقانة المعلومات',384),(5740,'العلوم الإدارية',384),(5741,'اللغة الإنجليزية وآدابها',384),(5742,'كلية الطب والجراحة',385),(5743,'كلية طب الأسنان',385),(5744,'كلية علوم المختبرات الطبية',385),(5745,'كلية علوم التمريض',385),(5746,'كلية العلاج الطبيعي',385),(5747,'كلية الهندسة – الهندسة المدنية',385),(5748,'كلية العماره',385),(5749,'كلية الهندسة – هندسة النظم الإلكترونية (إتصالات)',385),(5750,'كلية الهندسة – هندسة الحاسوب',385),(5751,'كلية الهندسة – الهندسة الطبية الحيوية',385),(5752,'كلية دراسات الحاسوب وتقانة المعلومات  - تقنية المعلومات',385),(5753,'كلية علوم الإقتصاد والإدارة',385),(5754,'كلية الاعلام',385),(5755,'كلية الوسائط المتعددة',385),(5756,'كلية القانون',385),(5757,'كلية الطب البشرى',386),(5758,'كلية طب الأسنان وجراحة الفم',386),(5759,'كلية الصيدلة السريرية',386),(5760,'كلية علوم المختبرات الطبية',386),(5761,'كلية علوم التمريض',386),(5762,'كلية العلاج الطبيعي والتأهيلى',386),(5763,'كلية علوم البصريات',386),(5764,'كلية علوم الحاسوب – الرسم بالحاسوب',386),(5765,'كلية علوم الحاسوب – انترنت الأشياء',386),(5766,'كلية علوم الحاسوب – الحوسبة السحابية',386),(5767,'كلية علوم الحاسوب – تقانة المعلومات',386),(5768,'كلية العلوم الإدارية',386),(5769,'كلية الطب',387),(5770,'كلية الصيدلة',387),(5771,'كليـة المختبرات الطبية',387),(5772,'كليـة التمريض',387),(5773,'كليـة الهندسة – قسم المدنية',387),(5774,'كليـة الهندسة – قسم الميكانيكية',387),(5775,'كليـة الهندسة – الكهربائية (تحكم - قدرة)',387),(5776,'كليـة الهندسة – قسم الهندسة الطبية',387),(5777,'كليـة علوم الحاسوب – هندسة البرمجيات',387),(5778,'كليـة علوم الحاسوب – تقانة المعلومات',387),(5779,'كليـة علوم الحاسوب – نظم المعلومات',387),(5780,'كليـة العلوم الإدارية والإقتصادية – المحاسبة',387),(5781,'كليـة العلوم الإدارية والإقتصادية – الإدارة',387),(5782,'كليـة العلوم الإدارية والإقتصادية – الإقتصاد',387),(5783,'كليـة تقنيات الإعـلام',387),(5784,'كلية الطب والجراحة',388),(5785,'كلية طب الأسنان',388),(5786,'كلية علوم المختبرات الطبية',388),(5787,'كلية علوم التمريض',388),(5788,'كلية الهندسة - هندسة العماره',388),(5789,'كلية العلوم الإدارية',388),(5790,'كلية الإقتصاد والدراسات المصرفية',388),(5791,'كلية الآداب - اللغة الإنجليزية',388),(5792,'كليـة التربيـة التعليم الأسـاسي ( إبتدائي – متوسط )',388),(5793,'كلية القانون',388),(5794,'كلية علوم الحاسوب وتقانة المعلومات – تقانة المعلومات',388),(5795,'كلية علوم الحاسوب وتقانة المعلومات – نظم المعلومات',388),(5796,'كلية اللغة العربية للناطقين بغيرها',388),(5797,'كلية الطب والجراحة',389),(5798,'كلية طب الأسنان',389),(5799,'كلية الصيدلة',389),(5800,'كلية علوم المختبرات الطبية',389),(5801,'كلية علوم التمريض',389),(5802,'كلية نظم الحاسوب وتقانة المعلومات - هندسة البرمجيات',389),(5803,'كلية نظم الحاسوب وتقانة المعلومات - تقانة المعلومات',389),(5804,'كلية نظم الحاسوب وتقانة المعلومات - نظم المعلومات الإدارية',389),(5805,'كلية العلوم الإدارية',389),(5806,'كلية الطب والجراحة',390),(5807,'كلية طب الأسنان',390),(5808,'كلية الصيدلة',390),(5809,'كلية علوم المختبرات الطبية',390),(5810,'كلية علوم التمريض',390),(5811,'كلية الهندسـة – هندسة النظـم الإلكترونيـة',390),(5812,'كلية الهندسة- الهندسة الطبية الحيوية',390),(5813,'كلية الهندسة – الهندسة المدنية',390),(5814,'كلية علـوم الحاسـوب',390),(5815,'كلية نظـم المعلومـات',390),(5816,'كلية اللغــة العربيـة',390),(5817,'كلية علـم النفـــس',390),(5818,'كلية علوم ادارية - (علـم المحاسبة - إدارة الأعمال)',390),(5819,'كلية علوم المختبرات الطبية',391),(5820,'كلية علوم التمريض',391),(5821,'كلية الهندسة والعمارة – هندسة العمــارة',391),(5822,'كلية الهندسة والعمارة – الهندسة المدنية',391),(5823,'كلية الهندسة والعمارة – الهندسة الكهربائية ( تحكم )',391),(5824,'كلية الهندسة والعمارة – الهندسة الكهربائية ( اتصالات )',391),(5825,'كلية علوم الحاسوب وتقانة المعلومات - هندسة البرمجيات',391),(5826,'كلية علوم الحاسوب وتقانة المعلومات - تقنية المعلومات',391),(5827,'كلية علوم الحاسوب وتقانة المعلومات - نظم المعلومات',391),(5828,'كلية العلوم الإدارية',391),(5829,'كلية التربية - الدراسات التربوية (علوم هندسية - حاسوب - رياضيات)',391),(5830,'كلية التربية - لغة إنجليزية',391),(5831,'كلية التربية - تعليم قبل المدرسى',391),(5832,'كلية علوم المختبرات الطبية',392),(5833,'كلية الهندسة والعمارة - هندسة العمارة',392),(5834,'كلية الهندسة والعمارة - الهندسة المدنية',392),(5835,'كلية دراسات الحاسوب - تقنية المعلومات',392),(5836,'كلية العلوم الإدارية',392),(5837,'كلية دراسات الحاسوب - نظم المعلومات – ( المحاسبية – الإدارية – المصرفية )',392),(5838,'كلية التصميم الداخلي',392),(5839,'كلية الطب والجراحة',393),(5840,'كلية الصيدلة',393),(5841,'كلية علوم المختبـرات الطبية',393),(5842,'كلية علوم التمريض',393),(5843,'كليـة الصحـة العـامـة',393),(5844,'كليـة التغذية العلاجية',393),(5845,'كلية الآداب - اللغة الإنجليزية',393),(5846,'كلية الدراسات الإقتصادية والمصرفية',393),(5847,'كلية العلـوم الإداريـة',393),(5848,'كلية القانون',393),(5849,'كلية دراسات الحاسوب - تقنية المعلومات',393),(5850,'كلية الطب والجراحة',394),(5851,'كلية الصيدلة',394),(5852,'كلية علوم المختبرات الطبية',394),(5853,'كلية علوم التمريض',394),(5854,'كلية تقانة المعلومات',394),(5855,'كلية العلوم الإدارية',394),(5856,'كلية الطب والجراحة',395),(5857,'كلية طب الأسنان',395),(5858,'كلية الصيدلة',395),(5859,'كلية المختبرات الطبية',395),(5860,'كلية تكنولوجيا الأشعة التشخيصية',395),(5861,'كلية العلاج الطبيعي',395),(5862,'كلية تقانة المعلومات',395),(5863,'كلية الإقتصاد والعلوم الإدارية',395),(5864,'كلية الطب والجراحة',396),(5865,'كلية المختبـرات الطبية',396),(5866,'كلية علوم التمريض',396),(5867,'كلية علوم الحاسوب وتقانة المعلومات - تقنية المعلومات',396),(5868,'كلية علوم الحاسوب وتقانة المعلومات - نظم المعلومات',396),(5869,'كلية الإقتصاد والعلوم المصرفية',396),(5870,'كلية العلوم الإدارية',396),(5871,'كلية اللغات والترجمة - اللغة الإنجليزية والعربية',396),(5872,'علوم المختبرات الطبية',397),(5873,'العمـارة والتخطيط البيئى',397),(5874,'علوم الحاسوب',397),(5875,'تقانة المعلومات',397),(5876,'مدرسة العلوم الادارية والمحاسبة',397),(5877,'مدرسة الإقتصاد والعلوم المالية',397),(5878,'الإعــلام',397),(5879,'علوم المختبرات الطبية',398),(5880,'علوم التمريض',398),(5881,'الهندسة المدنية',398),(5882,'الهندسة الكهربائية',398),(5883,'الإقتصاد والعلـوم المالية',398),(5884,'تقانة المعلومات',398),(5885,'إدارة الفندقة والسياحة',398),(5886,'العلوم الإدارية',398),(5887,'الدراسات المصرفية والمالية',398),(5888,'علـوم الحاسـوب',399),(5889,'العلوم الإدارية',399),(5890,'علوم الإتصال',399),(5891,'الإقتصاد',399),(5892,'اللغـة الإنجليـزية',399),(5893,'الدراسات المصرفية والمالية',400),(5894,'نظم المعلومات الإدارية',400),(5895,'نظم المعلومات المحاسبية',400),(5896,'نظم المعلومات المصرفية والمالية',400),(5897,'الإقتصاد المالى',400),(5898,'الإقتصاد والإحصاء التطبيقى',400),(5899,'إدارة الأعمال',400),(5900,'المحاسبة والتمويل',400),(5901,'دراسات التامين',400),(5902,'تقانة المعلومات',400),(5903,'القانون',400),(5904,'الطب والجراحة',401),(5905,'المختبرات الطبية',401),(5906,'التمريض',401),(5907,'العلوم الإدارية - ( المحاسبة – ادارة الاعمال)',401),(5908,'تقنية المعلومات التجارية والمحاسبية',401),(5909,'الإقتصاد والدراسات المصرفية',401),(5910,'علوم المختبرات الطبية',402),(5911,'علوم التمريض',402),(5912,'تقانة المعلومات',402),(5913,'الإقتصاد وإدارة الأعمال',402),(5914,'نظم المعلومات الإدارية',402),(5915,'علم النفس ورياض الأطفال',402),(5916,'القانون',402),(5917,'الإعلام',402),(5918,'الطب والجراحة',403),(5919,'المختبرات الطبية',403),(5920,'علوم التمريض',403),(5921,'العمارة والتخطيط البيئي',403),(5922,'علـوم الحاسـوب',403),(5923,'تقانة المعلومات',403),(5924,'العلوم الإدارية - (المحاسبة - إدارة الأعمال)',403),(5925,'الإقتصاد والعلوم المصرفية',403),(5926,'نظم المعلومات - ( نظم - المحاسبية – الإدارية – المصرفية )',403),(5927,'اللغة الإنجليزية وآدابها',403),(5928,'الإقتصاد والتنمية الريفية',404),(5929,'الهندسة الكهربائية والإلكترونية',405),(5930,'علوم الحاسوب',405),(5931,'هندسة البرمجيات',405),(5932,'تقانة المعلومات',405),(5933,'نظم المعلومات المالية والإدارية والمصرفية',405),(5934,'الدراسات الإسلامية',405),(5935,'القانون',405),(5936,'علوم التمريض',406),(5937,'علوم الحاسوب',406),(5938,'تقانة المعلومات',406),(5939,'اللغة الإنجليزية',406),(5940,'العلوم التربوية الدينية (المسيحية )',406),(5941,'التربية ( الحاسوب والتقنية )',406),(5942,'التربيـة اللغة الإنجليزيـة',406),(5943,'الطب',407),(5944,'طب الأسنان',407),(5945,'الصيدلة',407),(5946,'علوم المختبرات الطبية',407),(5947,'علوم التمريض',407),(5948,'الهندسة المدنية',407),(5949,'هندسة القدرة والتحكم',407),(5950,'هندسة النظم الألكترونية (حاسوب – اتصالات)',407),(5951,'تقنية المعلومات',407),(5952,'نظم المعلومات الإدارية',407),(5953,'الإقتصاد ( إقتصاد – مصارف – تجارة خارجية )',407),(5954,'العلوم الإدارية',407),(5955,'القانون',407),(5956,'الطب والجراحة',408),(5957,'طب الأسنان',408),(5958,'علوم المختبرات الطبية',408),(5959,'علوم التمريض',408),(5960,'الهندسة الكهربائية',408),(5961,'الهندسة الطبية',408),(5962,'الطب البيطري',408),(5963,'التغذية العلاجية',408),(5964,'علوم الحاسوب',408),(5965,'تقانة المعلومات',408),(5966,'الآداب',408),(5967,'العلوم  الإداريه',408),(5968,'الإقتصاد والدراسات المصرفية والمالية',408),(5969,'الشريعة والقانون',408),(5970,'السياحه والفندقة',408),(5971,'الإعلام',408),(5972,'علم النفس ورياض الأطفال',408),(5973,'اللغة الإنجليزية',408),(5974,'التربية – دراسات إسلامية',408),(5975,'التربية – لغة عربية',408),(5976,'الطب',409),(5977,'المختبرات الطبية',409),(5978,'علوم التمريض',409),(5979,'العمارة والتخطيط',409),(5980,'هندسة التحكم والقياس',409),(5981,'هندسة الطاقة',409),(5982,'هندسة الاتصالات',409),(5983,'هندسة الحاسوب والإلكترونيات',409),(5984,'هندسة الميكاترونكس',409),(5985,'الهندسة الطبية',409),(5986,'الرياضيات وعلوم الحاسوب',409),(5987,'تقانة المعلومات',409),(5988,'العلوم الإدارية',409),(5989,'الطب',410),(5990,'علوم المختبرات الطبية',410),(5991,'علوم التمريض',410),(5992,'نظم المعلومات – ( المحوسبة– الإدارية )',410),(5993,'إدارة الأعمال - (إدارة الأعمال- التسويق)',410),(5994,'تقنية المعلومات',410),(5995,'أصول الدين والدراسات الإسلامية',411),(5996,'القرآن الكريم والدراسات الإسلامية',411),(5997,'العقيدة والدراسات الإسلامية',411),(5998,'الدراسات الإسلامية واللغة العربية',411),(5999,'التربية الدراسات الإسلامية',411),(6000,'اللغات – ( الانجليزية - الفرنسية )',412),(6001,'العلوم الإدارية',412),(6002,'علوم المختبرات الطبية',413),(6003,'العلوم الإدارية',413),(6004,'علم النفس',413),(6005,'الإعلام والعلاقات العامة',413),(6006,'تقانة المعلومات',413),(6007,'المختبرات الطبية',414),(6008,'علوم التمريض',414),(6009,'الأشعة الطبية',414),(6010,'الصحة العامة وصحة البيئة',414),(6011,'العلاج الطبيعى',414),(6012,'العمارة',414),(6013,'الهندسة الكهربائية والإلكترونية',414),(6014,'الهندسة الطبية',414),(6015,'علوم الحاسوب',414),(6016,'تقنية المعلومات',414),(6017,'العلوم الإدارية',414),(6018,'العلوم الإقتصادية',414),(6019,'اللغة الإنجليزية',414),(6020,'تقانة المعلومات',415),(6021,'العلوم الإدارية',415),(6022,'تكنولوجيا الصحافة',415),(6023,'تكنولوجيا الطباعة',415),(6024,'الطب البشرى',416),(6025,'طب الأسنان',416),(6026,'الصيدلة',416),(6027,'المختبرات الطبية',416),(6028,'علوم المختبرات الطبية',417),(6029,'علوم التمريض',417),(6030,'العلوم الإدارية ( المحاسبة – إدارة الأعمال)',417),(6031,'الإقتصاد (الإقتصاد – البنوك والتمويل)',417),(6032,'تقانة المعلومات',417),(6033,'اللغة الإنجليزية وآدابها',417),(6034,'علوم التمريض',418),(6035,'علوم الحاسوب',418),(6036,'نظم الحاسوب والشبكات',418),(6037,'الإقتصاد',418),(6038,'العلوم الإدارية',418),(6039,'تقنية المعلومات',418),(6040,'إدارة المنظمات',418),(6041,'الطب والجراحة',419),(6042,'طب الأسنان',419),(6043,'الصيدلة',419),(6044,'المختبرات الطبية',419),(6045,'التمريض',419),(6046,'الإقتصاد والدراسات المصرفية',419),(6047,'العلوم الإدارية',419),(6048,'الدراسات الإسلامية',419),(6049,'الطب والجراحة',420),(6050,'علوم المختبرات الطبية',420),(6051,'علوم التمريض',420),(6052,'هندسة العماره',420),(6053,'الهندسة الإلكترونية',420),(6054,'الهندسة الكهربائية',420),(6055,'الهندسة المدنية',420),(6056,'الهندسة الطبية',420),(6057,'تقنية المعلومات',420),(6058,'العلوم الإدارية (المحاسبة - ادارة الأعمال - التسويق )',420),(6059,'اللغات – (العربية– الإنجليزية – الصينية )',420),(6060,'التصميم الداخلى',420),(6061,'بكالوريوس تعليم اللغة العربية لغير الناطقين بها',421),(6062,'البكالوريوس العام فى اللغة العربية للناطقين بغيرها',421),(6063,'الصحة العامة',422),(6064,'هندسة النظم الإلكترونية',422),(6065,'الهندسة الطبية الحيوية',422),(6066,'العلوم الإدارية',422),(6067,'العلوم الإقتصادية',422),(6068,'اللغة الإنجليزية',422),(6069,'تقانة المعلومات',422),(6070,'الطب',423),(6071,'علوم المختبرات الطبية',423),(6072,'علوم التمريض',423),(6073,'العلاج الطبيعى',423),(6074,'القبالة',423),(6075,'الهندسة الطبية',423),(6076,'الدراسات الإسلامية',423),(6077,'العلوم الإدارية',423),(6078,'تقنية المعلومات',423),(6079,'الشريعة والقانون',423),(6080,'الآداب – اللغة العربية للناطقين بغيرها',423),(6081,'الطب والجراحة',424),(6082,'المختبرات الطبية',424),(6083,'علوم التمريض',424),(6084,'الفندقـة والسياحــة',424),(6085,'تقانة المعلومات',424),(6086,'العلوم الإدارية',424),(6087,'الإعــــــــلام',424),(6088,'اللغـة الإنجليزيــة',424),(6089,'الطب والجراحة',425),(6090,'التمريض',425),(6091,'هندسة العماره',425),(6092,'الهندسة المدنية',425),(6093,'الهندسة الكهربائية والإلكترونيات',425),(6094,'نظم المعلومات الإدارية والمحاسبية',425),(6095,'الهندسة الميكانيكية (قدرة – تصنيع)',426),(6096,'الهندسة الكهربائية (تحكم – قدرة)',426),(6097,'تقانة المعلومات',426),(6098,'العلوم الادارية ( المحاسبة والتمويل - إدارة الأعمال )',426),(6099,'الطب البشرى',427),(6100,'طب الأسنان',427),(6101,'الصيدلة',427),(6102,'المختبرات الطبية',427),(6103,'التمريض',427),(6104,'التصوير الطبى التشخيصى',427),(6105,'هندسة التحكم',427),(6106,'هندسة الاتصالات',427),(6107,'هندسة الحاسوب',427),(6108,'الهندسة الطبية الحيوية',427),(6109,'العلوم الإدارية',427),(6110,'تقانة المعلومات',427),(6111,'اللغـة الإنجليزيــة',427),(6112,'الهندسة المدنية',428),(6113,'الهندسة الكهربائية (قدرة وتحكم – اتصالات)',428),(6114,'تقنية المعلومات',428),(6115,'العلوم الإدارية (المحاسبة - إدارة الأعمال )',428),(6116,'اللغة الإنجليزية وآدابها',428),(6117,'الطب والجراحة',429),(6118,'علوم المختبرات الطبية',429),(6119,'التمريض',429),(6120,'هندسة الاتصالات',429),(6121,'الجمارك',429),(6122,'إدارة الأعمال',429),(6123,'تقنية المعلومات',429),(6124,'إدارة المنظمات الدولية والدبلوماسية',429),(6125,'الطب والجراحة',430),(6126,'المختبرات الطبية',430),(6127,'علوم التمريض',430),(6128,'هندسة العمارة',430),(6129,'الهندسة الميكانيكية (انتاج – قدرة)',430),(6130,'الهندسة الكهربائية ( تحكم– طاقة)',430),(6131,'الهندسة المدنية',430),(6132,'الهندسة الطبية',430),(6133,'تقانة المعلومات',430),(6134,'القانون',430),(6135,'العلوم الإدارية',430),(6136,'علوم الحاسوب',431),(6137,'تقنية المعلومات',431),(6138,'نظم المعلومات',431),(6139,'علوم إدارة الأعمال',431),(6140,'العلوم الإقتصادية',431),(6141,'الطب',432),(6142,'علوم المختبرات الطبية',432),(6143,'علوم التمريض',432),(6144,'العلاج الطبيعى',432),(6145,'تقنية المعلومات',432),(6146,'العلوم الإدارية',432),(6147,'الإقتصاد والعلوم المالية',432),(6148,'اللغة الإنجليزية وآدابها',432),(6149,'الطب والجراحة',433),(6150,'طب الأسنان',433),(6151,'علوم المختبرات الطبية',433),(6152,'الإشعة',433),(6153,'علوم التمريض',433),(6154,'تقنية المعلومات',433),(6155,'العلوم الجمركية',433),(6156,'الإقتصاد والتجارة الدولية',433),(6157,'العلوم الإدارية',433),(6158,'العلوم الإدارية',434),(6159,'علوم البصريات',435),(6160,'مساعد طب العيون',435),(6161,'تقانى العيون',435),(6162,'هندسة ميكانيكا الطيران',436),(6163,'الهندسـة المـدنية',436),(6164,'تقانة المعلومات',436),(6165,'العلوم الإدارية',436),(6166,'هندسة العمارة',437),(6167,'تقانة المعلومات',437),(6168,'العلوم الإدارية',437),(6169,'الطب',438),(6170,'طب الأسنان',438),(6171,'الصيدلة',438),(6172,'علوم المختبرات الطبية',438),(6173,'علوم التمريض',438),(6174,'علوم الحاسوب',438),(6175,'تقانة المعلومات',438),(6176,'العلوم الإدارية',438),(6177,'الطب والجراحة',439),(6178,'الصيدلة',439),(6179,'علوم المختبرات الطبية',439),(6180,'التمريض',439),(6181,'العلوم الإدارية',439),(6182,'تقانة المعلومات',439),(6183,'هندسة الاتصالات',440),(6184,'هندسة نظم الطيران',440),(6185,'إدارة الحركة الجوية',440),(6186,'إدارة الطيران',440),(6187,'تقانة المعلومات',440),(6188,'الطب البشرى',441),(6189,'طب الأسنان',441),(6190,'الصيدلة',441),(6191,'المختبرات الطبية',441),(6192,'علوم التمريض',441),(6193,'العلاج الطبيعى',441),(6194,'العلوم الإدارية',441),(6195,'تقانة المعلومات',441),(6196,'العلوم الإدارية',442),(6197,'الطب',443),(6198,'طب الأسنان',443),(6199,'الصيدلة',443),(6200,'علوم المختبرات الطبية',443),(6201,'التمريض',443),(6202,'هندسة الاتصالات',443),(6203,'الهندسة الطبية',443),(6204,'الهندسة الكهربائية (انظمة القدرة )',443),(6205,'تقانة المعلومات',443),(6206,'البكالوريوس التقانى فى هندسة الكهرباء والإلكترونيات',444),(6207,'البكالوريوس التقانى فى هندسة صيانة الطائرات',444),(6208,'العلوم الإدارية',444),(6209,'الطب والجراحة',445),(6210,'المختبرات الطبية',445),(6211,'الإقتصاد والعلوم والإدارية',445),(6212,'رياض الاطفال والتربية الخاصة',445),(6213,'المحاسبة والمراجعة الإلكترونية',446),(6214,'التامين الآكشورى',446),(6215,'الإقتصاد',446),(6216,'إدارة الاعمال',446),(6217,'الطب والجراحة',447),(6218,'طب الأسنان',447),(6219,'الصيدلة',447),(6220,'العلاج الطبيعي',447),(6221,'هندسة البرمجيات',448),(6222,'تقانة المعلومات',448),(6223,'نظم المعلومات',448),(6224,'العلوم الإدارية',448),(6225,'تقانة المعلومات',449),(6226,'العلوم الإدارية',449),(6227,'نظم المعلومات المحاسبية',449),(6228,'نظم المعلومات الإدارية',449),(6229,'نظم المعلومات المصرفية',449),(6230,'الطب والجراحة',450),(6231,'علوم التمريض',450),(6232,'العلوم الإدارية',450),(6233,'اللغة الإنجليزية وآدابها',450),(6234,'تقانة المعلومات',450),(6235,'العلوم الإدارية',451),(6236,'الإقتصاد',451),(6237,'تقانة المعلومات',451),(6238,'الطب والجراحة',452),(6239,'علوم المختبرات الطبية',452),(6240,'علوم التمريض',452),(6241,'العلوم الإدارية',452),(6242,'تقانة المعلومات',452),(6243,'الإقتصاد والدراسات المصرفية',452),(6244,'القانون',452),(6245,'الطب والجراحة',453),(6246,'طب وجراحة الأسنان',453),(6247,'الصيدلة',453),(6248,'علوم المختبرات الطبية',453),(6249,'علوم التمريض',453),(6250,'العلوم الإدارية',453),(6251,'القانون',453),(6252,'الطب',454),(6253,'طب وجراحة الأسنان',454),(6254,'الصيدلة',454),(6255,'علوم المختبرات الطبية',454),(6256,'علوم التمريض',454),(6257,'الهندسة المدنية',454),(6258,'العلوم الإدارية',454),(6259,'تقانة المعلومات',454),(6260,'الشريعة والقانون',455),(6261,'العلوم الإدارية',455),(6262,'تقانة المعلومات',455),(6263,'المختبرات الطبية',456),(6264,'علوم التمريض',456),(6265,'اللغة الإنجليزية',456),(6266,'العلوم الإدارية',456),(6267,'تقانة المعلومات',456),(6268,'الإعلام',456),(6269,'الطب والجراحة',457),(6270,'المختبرات الطبية',457),(6271,'التمريض',457),(6272,'الهندسة الكهربائية',457),(6273,'هندسة المعمار',457),(6274,'تقانة المعلومات',457),(6275,'العلوم الإدارية',457),(6276,'الهندسة الكهربائية والإلكترونية',458),(6277,'هندسة العماره',458),(6278,'الهندسة المدنية',458),(6279,'العلوم الإدارية',458),(6280,'الطب',459),(6281,'الصيدلة',459),(6282,'علوم المختبرات الطبية',459),(6283,'التمريض',459),(6284,'الهندسة الطبية',459),(6285,'تقانة المعلومات',459),(6286,'العلوم الإدارية',459),(6287,'الطب',460),(6288,'علوم المختبرات الطبية',460),(6289,'علوم التمريض',460),(6290,'العلوم الإدارية',460),(6291,'تقانة المعلومات',460),(6292,'الطب والجراحة',461),(6293,'طب الأسنان',461),(6294,'الصيدلة',461),(6295,'علوم المختبرات الطبية',461),(6296,'علوم التمريض',461),(6297,'تقانة المعلومات',461),(6298,'الإقتصاد',462),(6299,'العلوم الإدارية',462),(6300,'تقانة المعلومات',462),(6301,'القانون',462),(6302,'تقانة المعلومات',463),(6303,'العلوم الإدارية ( ادارة الاعمال – المحاسبة)',463),(6304,'القانون',463),(6305,'الطب',464),(6306,'الصيدلة',464),(6307,'المختبرات الطبية',464),(6308,'علوم التمريض',464),(6309,'تقانة المعلومات',464),(6310,'العلوم الإدارية – إدارة الأعمال',464),(6311,'الطب والجراحة',465),(6312,'طب الأسنان',465),(6313,'الصيدلة',465),(6314,'علوم المختبرات الطبية',465),(6315,'علوم التمريض',465),(6316,'تقانة المعلومات',465),(6317,'العلوم الإدارية',465),(6318,'تقانة المعلومات',466),(6319,'العلوم الإدارية',466),(6320,'الطب والجراحة',467),(6321,'المختبرات الطبية',467),(6322,'علوم التمريض',467),(6323,'نظم الحاسوب والشبكات',467),(6324,'الوسائط المتعددة',467),(6325,'تقانة المعلومات',467),(6326,'العلوم الإدارية',467),(6327,'الطب',468),(6328,'طب الأسنان',468),(6329,'علوم المختبرات الطبية',468),(6330,'علوم التمريض',468),(6331,'العلوم الإدارية',468),(6332,'اللغة الإنجليزية',468),(6333,'القرآن الكريم والدراسات الإسلامية - الدراسات الإسلامية',469),(6334,'القرآن الكريم والدراسات الإسلامية - القراءات',469),(6335,'الطب والجراحة',470),(6336,'المختبرات الطبية',470),(6337,'الأشعة والتصوير الطبى',470),(6338,'العلاج الطبيعى',470),(6339,'علوم التمريض',470),(6340,'الطب والجراحة',471),(6341,'علوم المختبرات الطبية',471),(6342,'علوم التمريض',471),(6343,'علوم الأغذية والزراعة',471),(6344,'الدراسات الإسلامية',471),(6345,'العلوم الإدارية',471),(6346,'تقانة المعلومات',471),(6347,'الطب والجراحة',472),(6348,'علوم الأشعة التشخيصية',472),(6349,'التمريض',472),(6350,'الطب',473),(6351,'علوم المختبرات الطبية',473),(6352,'العلوم الإدارية',473),(6353,'الهندسة الطبية الاحيائية',474),(6354,'العلوم الإدارية',474),(6355,'العلوم الإدارية',475),(6356,'الإقتصاد والعلوم المالية',475),(6357,'الجمارك والتجارة الدولية',475),(6358,'العمليات الجوية',475),(6359,'تقانة المعلومات',475),(6360,'الطب البشرى',476),(6361,'المختبرات الطبية',476),(6362,'التمريض',476),(6363,'العلوم الإدارية',476),(6364,'القانون',476),(6365,'الطب',477),(6366,'المختبرات الطبية',477),(6367,'الأشعة والتصوير الطبي',477),(6368,'العلاج الطبيعي',477),(6369,'علوم التمريض',477),(6370,'تقانة المعلومات',477),(6371,'العلوم الإدارية',477),(6372,'الطب',478),(6373,'المختبرات الطبية',478),(6374,'علوم التمريض',478),(6375,'العلوم الإدارية',478),(6376,'القراءات وعلوم القرآن',479),(6377,'الدعــوة',479),(6378,'العلوم الإدارية',480),(6379,'تقانة المعلومات',480),(6380,'الطب',481),(6381,'المختبرات الطبية',481),(6382,'علوم التمريض',481),(6383,'تقانة المعلومات',481),(6384,'العلوم الإدارية',481),(6385,'القانون',481),(6386,'الإعلام والوسائط المتعددة',481),(6387,'المختبرات الطبية',482),(6388,'علوم التمريض',482),(6389,'العلوم الإدارية',482),(6390,'تقانة المعلومات',482),(6391,'الطب',483),(6392,'المختبرات الطبية',483),(6393,'علوم التمريض',483),(6394,'العلوم الإدارية',483),(6395,'الطب',484),(6396,'المختبرات الطبية',484),(6397,'علوم الأشـعة',484),(6398,'علوم التمريض',484),(6399,'العلوم الإدارية',484),(6400,'المختبرات الطبية',485),(6401,'علوم التمريض',485),(6402,'تقانة المعلومات',485),(6403,'الإقتصاد والعلوم المالية والمصرفية - الإقتصاد',485),(6404,'الإقتصاد والعلوم المالية والمصرفية – العلوم الإدارية',485),(6405,'اللغة الإنجليزية',485),(6406,'القانون',485),(6407,'نظم المعلومات المحاسبية',486),(6408,'نظم المعلومات الإدارية',486),(6409,'نظم المعلومات المصرفية والمالية',486),(6410,'القانون',486),(6411,'التربية – الحاسوب والتربية',486),(6412,'التربية – الخاصة',486),(6413,'التربيـة التعليم المدرسي',486),(6414,'التجارة والعلوم الجمركية',487),(6415,'علم الإجتماع',487),(6416,'الطب والجراحة',488),(6417,'علوم المختبرات الطبية',488),(6418,'علوم التمريض',488),(6419,'تقنية المعلومات',488),(6420,'الطب والجراحة',489),(6421,'التمريض',489),(6422,'تقنية المعلومات',489),(6423,'المحاسبة',489),(6424,'إدارة الأعمال',489),(6425,'الطب والجراحة',490),(6426,'المختبرات الطبية',490),(6427,'التمريض',490),(6428,'تقانة المعلومات',490),(6429,'العلوم الإدارية',491),(6430,'علم النفس ( الإحتياجات الخاصة )',491),(6431,'الطب والجراحة',492),(6432,'المختبرات الطبية',492),(6433,'علوم التمريض',492),(6434,'تقانة المعلومات',492),(6435,'العلـوم الإداريـة',492),(6436,'الطب والجراحة',493),(6437,'علوم التمريض',493),(6438,'تقانة المعلومات',493),(6439,'العلـوم الإداريـة - المحاسبة',493),(6440,'العلـوم الإداريـة – إدارة الأعمال',493),(6441,'العلـوم الإداريـة - التسويق',493),(6442,'الشريعة والقانون',411),(6443,'علوم المختبرات الطبية',447),(6444,'الطب والجراحة',456),(6445,'تقانة المعلومات',494),(6446,'نظم المعلومات',494),(6447,'العلوم الإدارية',494),(6448,'الإقتصاد والعلوم المالية والإسلامية',494),(6449,'التربية القسم العلمى',494),(6450,'التربية القسم الأدبى',494),(6451,'التربية مرحلة الأساس',494),(6452,'اصول الدين - القراءات',494),(6453,'اصول الدين - الدراسات الإسلامية',494),(6454,'الشـريعـة والـقـانـون',494),(6455,'الإعلام',494),(6456,'تقانة المعلومات',447),(6457,'العلوم الادارية - المحاسبة',447),(6458,'تقانة المعلومات',445),(6459,'العلوم الادارية - ادارة الاعمال',447),(6460,'الاعلام',460),(6461,'كلية طب الاسنان',387),(6462,'المختبرات الطبية',472),(6463,'العلاج الطبيعي',461),(6464,'الطب والجراحة',482),(6465,'العلوم الادارية - المحاسبة',490),(6466,'طب الاسنان',489),(6467,'العلوم الادارية - ادارة الاعمال',490),(6468,'العلوم الادارية - التسويق',490),(6469,'علوم التمريض',473),(6470,'العلوم الادارية - المحاسبة',472),(6471,'العلوم الادارية - ادارة الاعمال',472),(6472,'العلوم الادارية - التسوق',472),(6473,'علوم التمريض',474),(6474,'الصيدلة',423),(6475,'علوم التمريض',495),(6476,'العلوم الادارية',495),(6477,'علوم التمريض',480),(6478,'علوم التمريض',422),(6479,'كلية الهندسة والعماره – الهندسة الطبية الحيوية',381),(6480,'الطب والجراحة',398),(6481,'الذكاء الإصطناعي',471),(6482,'طب وجراحة الأسنان',439);
/*!40000 ALTER TABLE `addmission_app_program` ENABLE KEYS */;
UNLOCK TABLES;

--
-- Table structure for table `addmission_app_student`
--

DROP TABLE IF EXISTS `addmission_app_student`;
/*!40101 SET @saved_cs_client     = @@character_set_client */;
/*!50503 SET character_set_client = utf8mb4 */;
CREATE TABLE `addmission_app_student` (
  `id` bigint NOT NULL AUTO_INCREMENT,
  `name` varchar(200) NOT NULL,
  `seat_number` varchar(20) NOT NULL,
  `percentage` double NOT NULL,
  `field_of_study` varchar(50) NOT NULL,
  `form_number` varchar(8) NOT NULL,
  `email_address` varchar(254) NOT NULL,
  `phone_number` varchar(20) NOT NULL,
  PRIMARY KEY (`id`),
  UNIQUE KEY `form_number` (`form_number`)
) ENGINE=InnoDB AUTO_INCREMENT=194 DEFAULT CHARSET=utf8mb4 COLLATE=utf8mb4_0900_ai_ci;
/*!40101 SET character_set_client = @saved_cs_client */;

--
-- Dumping data for table `addmission_app_student`
--

LOCK TABLES `addmission_app_student` WRITE;
/*!40000 ALTER TABLE `addmission_app_student` DISABLE KEYS */;
INSERT INTO `addmission_app_student` VALUES (127,'اواب','3256245',70.9,'علمي-حاسوب','22987891','',''),(128,'محمد علي ادم','3124',90,'علمي-احياء','98968529','',''),(129,'محمد علي ادم','3124',90,'علمي-احياء','83374517','',''),(130,'عماد الدين صابر حسن الفيس ','12234',90,'علمي-احياء','22595179','',''),(131,'عماد الدين صابر حسن الفيس ','12234',90,'علمي-احياء','42735069','',''),(132,'جلال الدين صابر حسن الفيس ','1234',90,'علمي-احياء','70261331','',''),(133,'جلال الدين صابر حسن الفيس ','1234',90,'علمي-احياء','94812209','',''),(134,'جلال الدين صابر حسن الفيس ','1234',90,'علمي-احياء','58892554','',''),(135,'جلال الدين صابر حسن الفيس ','1234',90,'علمي-احياء','97694922','',''),(136,'جلال الدين صابر حسن الفيس ','1234',90,'علمي-احياء','79853080','',''),(137,'قاسم ابوه ','23523',90,'علمي-احياء','38325540','',''),(138,'قاسم ابوه ','23523',90,'علمي-احياء','77081957','',''),(139,'الختيم جمعة الختيم ادم','232442',90,'علمي-احياء','69651363','',''),(140,'الختيم جمعة الختيم ادم','232442',90,'علمي-احياء','82595137','',''),(141,'الختيم جمعة الختيم ادم','232442',90,'علمي-احياء','44530706','',''),(142,'محمد احمد','23435',90,'علمي-احياء','34110828','',''),(143,'محمد احمد ','12412',88,'علمي-احياء','51653498','',''),(144,'السفاح عمر فروق ','234523',90,'علمي-احياء','43494745','',''),(145,'عمر فاروق عبد الرحمن ','2452',88,'علمي-احياء','18321535','',''),(146,'محمد احمد البشاري','3413',90,'علمي-احياء','65963140','',''),(147,'محمد احمد البشاري','3413',90,'علمي-احياء','71156892','',''),(148,'نخندص','1341',90,'علمي-احياء','93020768','',''),(149,'نخندص','1341',90,'علمي-احياء','76300911','',''),(150,'نخندص','1341',90,'علمي-احياء','15752417','',''),(151,'صلملص','64745',90,'علمي-احياء','52883164','',''),(152,'قاسم ابوه تادوك ابراهيم ','312513',69,'ادبي','52895811','',''),(153,'قاسم ابوه تادوك ابراهيم ','312513',69,'ادبي','42141058','',''),(154,'مهند ذكي احمد ','2531',89,'علمي-احياء','58622785','',''),(155,'مهند ذكي احمد ','2531',89,'علمي-احياء','57140568','',''),(156,'امبدة','23434',90,'علمي-احياء','80343553','',''),(157,'امبدة','23434',90,'علمي-احياء','65528307','',''),(158,'امبدة','23434',90,'علمي-احياء','24001508','',''),(159,'قاسكبن','32513',90,'علمي-احياء','22309275','',''),(160,'يبقصبسي','132',90,'علمي-احياء','72539936','',''),(161,'يبقصبسي','132',90,'علمي-احياء','24073646','',''),(162,'يبقصبسي','132',90,'علمي-احياء','33935257','',''),(163,'قاسمسةؤ','1212',90,'علمي-احياء','68280153','',''),(164,'قاسمسةؤ','1212',90,'علمي-احياء','48392657','',''),(165,'محلحثحق','2343',90,'علمي-احياء','47536822','',''),(166,'بيامبايلب','245332',94,'علمي-احياء','71831387','',''),(167,'علي احمد','2533',88,'علمي-هندسية','46532242','',''),(168,'ثلبسيب','7655',80,'علمي-هندسية','20507236','',''),(169,'علي احمد','33454',70,'ادبي','67121896','',''),(170,'قاسم ابوه ','967965',63.6,'علمي-حاسوب','41527977','',''),(171,'قاسم ابوه تادوك ','25435',88,'علمي-احياء','94107674','',''),(172,'محمد احمد البشاري ','1234342',80,'علمي-احياء','23433853','',''),(173,'محمد احمد البشاري ','1234342',80,'علمي-احياء','63931550','',''),(174,'محمد احمد ','1352',76,'علمي-حاسوب','22675241','',''),(175,'محمد منير','1424',77.4,'علمي-احياء','60906473','',''),(176,'لحمد محمد ','23141',90,'علمي-احياء','76742553','',''),(177,'قاسم ابوه تادوك','13412',90,'علمي-احياء','10516649','',''),(178,'قاسم ابوه تادوك','13412',90,'علمي-احياء','85037496','',''),(179,'محمد احمد','1232',90,'علمي-احياء','84410900','',''),(180,'محمد احمد','1232',90,'علمي-احياء','20013375','',''),(181,'محمد احمد','1232',90,'علمي-احياء','68699794','',''),(182,'محمد احمد','1232',90,'علمي-احياء','67852918','',''),(183,'محمد احمد','1232',90,'علمي-احياء','61989728','',''),(184,'محمد احمد','1232',90,'علمي-احياء','89288785','',''),(185,'قاسم ابوه تادوك','13413',90,'علمي-احياء','99914579','',''),(186,'قاسم ابوه تادوك','13413',90,'علمي-احياء','74445879','',''),(187,'قاسم ابوه ','133',90,'علمي-هندسية','56570276','',''),(188,'cvcv','98765',88,'علمي-احياء','45163213','',''),(189,'احمد محمد','12342',88,'ادبي-دراسات اسلامية','94664929','gasim@gmail.com','012993831'),(190,'محمد احمد البشاري','23413',90,'علمي-احياء','72539351','gam@gmail.com','0122993831'),(191,'قاسم ابوه','2453',90.3,'علمي-احياء','70787688','g@gmail.com','0122993831'),(192,'قاسم بوه','2235',90,'علمي-احياء','92788423','g@gmail.com','0122993831'),(193,'تثصفث','1242',90,'علمي-احياء','35143188','g@g.com','0122993831');
/*!40000 ALTER TABLE `addmission_app_student` ENABLE KEYS */;
UNLOCK TABLES;

--
-- Table structure for table `addmission_app_university`
--

DROP TABLE IF EXISTS `addmission_app_university`;
/*!40101 SET @saved_cs_client     = @@character_set_client */;
/*!50503 SET character_set_client = utf8mb4 */;
CREATE TABLE `addmission_app_university` (
  `id` bigint NOT NULL AUTO_INCREMENT,
  `name` varchar(200) NOT NULL,
  `region` varchar(100) NOT NULL,
  `university_type` varchar(20) NOT NULL,
  PRIMARY KEY (`id`),
  UNIQUE KEY `name` (`name`)
) ENGINE=InnoDB AUTO_INCREMENT=496 DEFAULT CHARSET=utf8mb4 COLLATE=utf8mb4_0900_ai_ci;
/*!40101 SET character_set_client = @saved_cs_client */;

--
-- Dumping data for table `addmission_app_university`
--

LOCK TABLES `addmission_app_university` WRITE;
/*!40000 ALTER TABLE `addmission_app_university` DISABLE KEYS */;
INSERT INTO `addmission_app_university` VALUES (333,'جامعة الخرطــوم','السودان','حكومية'),(334,'جامعة  امدرمان الإسلامية','السودان','حكومية'),(335,'جامعة السودان للعلوم والتكنولوجيا','السودان','حكومية'),(336,'جامعة الجزيرة','السودان','حكومية'),(337,'جامعة البطانة','السودان','حكومية'),(338,'جامعة القرآن الكريم والعلوم الاسلامية','السودان','حكومية'),(339,'جامعة القرآن الكريم وتأصيل العلوم','السودان','حكومية'),(340,'جامعة النيلين','السودان','حكومية'),(341,'جامعة الزعيم الازهرى','السودان','حكومية'),(342,'جامعة بحرى','السودان','حكومية'),(343,'جامعة شندى','السودان','حكومية'),(344,'جامعة وادى النيل','السودان','حكومية'),(345,'جامعة دنقلا','السودان','حكومية'),(346,'جامعة البحر الاحمر','السودان','حكومية'),(347,'جامعة كسلا','السودان','حكومية'),(348,'جامعة القضارف','السودان','حكومية'),(349,'جامعة سنار','السودان','حكومية'),(350,'جامعة النيل الازرق','السودان','حكومية'),(351,'جامعة الامام المهدى','السودان','حكومية'),(352,'جامعة بخت الرضا','السودان','حكومية'),(353,'جامعة كردفان','السودان','حكومية'),(354,'جامعة الدلنج','السودان','حكومية'),(355,'جامعة غرب كردفان','السودان','حكومية'),(356,'جامعة السلام','السودان','حكومية'),(357,'جامعة الفاشر','السودان','حكومية'),(358,'جامعة نيالا','السودان','حكومية'),(359,'جامعة زالنجى','السودان','حكومية'),(360,'جامعة الجنينة','السودان','حكومية'),(361,'جامعة عبداللطيف الحمد التكنولوجية','السودان','حكومية'),(362,'جامعة الضعين','السودان','حكومية'),(363,'جامعة المناقل للعلوم والتكنولوجيا','السودان','حكومية'),(364,'جامعة شرق كردفان','السودان','حكومية'),(365,'الجامعة التكنولوجية','السودان','حكومية'),(366,'جامعة العلوم الصحية – الخرطوم','السودان','حكومية'),(367,'المعهد الاسلامى للترجمة','السودان','أهلية'),(368,'جامعة السودان المفتوحة','السودان','أهلية'),(369,'جامعة الرباط الوطنى','السودان','أهلية'),(370,'جامعة افريقيا العالمية','السودان','أهلية'),(371,'جامعة كررى','السودان','أهلية'),(372,'جامعة الاحفاد','السودان','أهلية'),(373,'جامعة السودان العالمية','السودان','أهلية'),(374,'جامعة امدرمان الاهلية','السودان','أهلية'),(375,'جامعة العلوم و التقانة','السودان','أهلية'),(376,'جامعة العلوم الطبية و التكنولوجيا (الخرطوم - رواندا )','السودان','أهلية'),(377,'جامعة العلوم الطبية و التكنولوجيا','السودان','أهلية'),(378,'جامعة المستقبل','السودان','أهلية'),(379,'جامعة المغتربين','السودان','أهلية'),(380,'جامعة ودمدنى الاهلية','السودان','أهلية'),(381,'الجامعة الوطنية','السودان','أهلية'),(382,'جامعة المشرق','السودان','أهلية'),(383,'جامعة الرازي','السودان','أهلية'),(384,'الجامعة العربية المفتوحة','السودان','أهلية'),(385,'جامعة قاردن سيتى  - الخرطوم','السودان','أهلية'),(386,'جامعة ابن سينا- الخرطوم','السودان','أهلية'),(387,'جامعة الشيخ عبدالله البدرى','السودان','أهلية'),(388,'جامعة النيل  الابيض','السودان','أهلية'),(389,'جامعة النيل – الخرطوم بحرى','السودان','أهلية'),(390,'جامعة البيان - الخرطوم','السودان','أهلية'),(391,'جامعة النصر  -  أم درمان','السودان','أهلية'),(392,'جامعة العلوم للدراسات التطبيقية  - الخرطوم','السودان','أهلية'),(393,'جامعة الشرق للعلوم والتكنولوجيا  - كسلا','السودان','أهلية'),(394,'جامعة ودمدني للعلوم والتكنولوجيا - ودمدني','السودان','أهلية'),(395,'جامعة شرق السودان للعلوم الطبية والتكنولوجيا - بورتسودان','السودان','أهلية'),(396,'جامعة بورتسودان الأهلية - بورتسودان','السودان','أهلية'),(397,'كلية شرق النيل','السودان','أهلية'),(398,'كلية المدار','السودان','أهلية'),(399,'كلية السودان الجامعية للبنات','السودان','أهلية'),(400,'اكاديمية السودان للعلوم المالية والمصرفية','السودان','أهلية'),(401,'كلية ابوبكر عثمان - مدنى','السودان','أهلية'),(402,'كلية الابيض للعلوم والتقانة - الابيض','السودان','أهلية'),(403,'كلية الإمارات للعلوم والتكنولوجيا ـ الخرطوم','السودان','أهلية'),(404,'كلية الامير عثمان دقنة -بورتسودان','السودان','أهلية'),(405,'الكلية الاردنية السودانية للعلوم والتكنولوجيا-الخر','السودان','أهلية'),(406,'كلية كمبونى  للعلوم والتكنولوجيا- الخرطوم','السودان','أهلية'),(407,'اكاديمية المنهل للعلوم - الخرطوم بحرى','السودان','أهلية'),(408,'كلية الامام الهادى - ام درمان','السودان','أهلية'),(409,'كلية العلوم الهندسية والطبية - الخرطوم','السودان','أهلية'),(410,'الكلية الكندية السودانية- الخرطوم','السودان','أهلية'),(411,'كلية جبرة العلمية- الخرطوم','السودان','أهلية'),(412,'كلية السلام للغات والترجمة- الخرطوم','السودان','أهلية'),(413,'كلية غرب النيل امدرمان','السودان','أهلية'),(414,'كلية الجزيرة التقنية - الخرطوم','السودان','أهلية'),(415,'كلية امدرمان لتكنولوجيا الصحافة و الطباعة','السودان','أهلية'),(416,'كلية اليرموك','السودان','أهلية'),(417,'كلية الكاملين للعلوم والتقانة - الكاملين','السودان','أهلية'),(418,'كلية العلوم التنموية والتكنولوجية','السودان','أهلية'),(419,'كلية إقرأ للعلوم والتكنولوجيا','السودان','أهلية'),(420,'كلية بحرى الاهلية','السودان','أهلية'),(421,'معهد الخرطوم الدولى للغة العربية','السودان','أهلية'),(422,'كلية النور للعلوم والتكنولوجيا','السودان','أهلية'),(423,'كلية دلتا العلوم والتكنولوجيا - امدرمان','السودان','أهلية'),(424,'كلية ستارز للعلوم الطبية والتقنية ـ الخرطوم','السودان','أهلية'),(425,'كلية الحكمة للعلوم والتكنولوجيا','السودان','أهلية'),(426,'كلية المنارة الجامعية','السودان','أهلية'),(427,'كلية النهضة','السودان','أهلية'),(428,'كلية كامبردج العالمية - الخرطوم بحرى','السودان','أهلية'),(429,'كلية الصفوة للعلوم والتقانة','السودان','أهلية'),(430,'كلية السلامة للعلوم والتكنولوجيا – بحرى','السودان','أهلية'),(431,'كلية الريادة لعلوم إدارة الأعمال والتكنولوجيا','السودان','أهلية'),(432,'كلية الأفق للعلوم والتكنولوجيا','السودان','أهلية'),(433,'كلية العلوم الجمركية والطبية والتكنولوجيا - الخرطوم','السودان','أهلية'),(434,'كلية الخرطوم للطيران والتكنولوجيا - الخرطوم','السودان','أهلية'),(435,'كلية مكة التقنية لطب العيون - الخرطوم','السودان','أهلية'),(436,'كلية صافات للعلوم والتقانة - الخرطوم','السودان','أهلية'),(437,'الكلية السودانية للعلوم والتكنولوجيا – ام درمان','السودان','أهلية'),(438,'كلية نبتة - الخرطوم','السودان','أهلية'),(439,'كلية الجزيرة للعلوم الطبية والتكنولوجيا - مدنى','السودان','أهلية'),(440,'أكاديمية السودان لعلوم وتكنولوجيا الطيران - الخرطوم','السودان','أهلية'),(441,'كلية الفجر للعلوم والتكنلوجيا','السودان','أهلية'),(442,'كلية فكتوريا للعلوم والتكنولوجيا - الخرطوم','السودان','أهلية'),(443,'كلية الحياة','السودان','أهلية'),(444,'كلية انترناشونال للعلوم والتكنولوجيا','السودان','أهلية'),(445,'كلية القضارف للعلوم والتكنولوجيا - القضارف','السودان','أهلية'),(446,'كلية المعرفة للعلوم والتكنولوجيا - الخرطوم','السودان','أهلية'),(447,'كلية الصفا - الخرطوم','السودان','أهلية'),(448,'كلية رويال للعلوم والتكنولوجيا - الخرطوم','السودان','أهلية'),(449,'كلية المقرن للعلوم والتكنولوجيا - امدرمان','السودان','أهلية'),(450,'كلية شمال كردفان - الأبيض','السودان','أهلية'),(451,'كلية العلا للعلوم والتكنولوجيا - الخرطوم','السودان','أهلية'),(452,'كلية دار العلوم والتكنولوجيا - الخرطوم','السودان','أهلية'),(453,'كلية إمبريال - الخرطوم','السودان','أهلية'),(454,'كلية المدائن للعلوم الطبية والتكنولوجيا - الخرطوم','السودان','أهلية'),(455,'كلية النبلاء للعلوم والتكنولوجيا','السودان','أهلية'),(456,'الكلية العالمية للعلوم والتكنولوجيا','السودان','أهلية'),(457,'كلية الفارابي للعلوم والتقانة','السودان','أهلية'),(458,'كلية سيتي للعلوم والتكنولوجيا','السودان','أهلية'),(459,'كلية طيبة للعلوم والتكنولوجيا','السودان','أهلية'),(460,'كلية المجد للعلوم الطبية والتكنولوجيا - الحصاحيصا','السودان','أهلية'),(461,'كلية الرياض العالمية - الخرطوم','السودان','أهلية'),(462,'كلية غبيش للعلوم والتكنولوجيا - غبيش','السودان','أهلية'),(463,'كلية خورطقت - الابيض','السودان','أهلية'),(464,'كلية زمزم - الخرطوم','السودان','أهلية'),(465,'كلية ابن خلدون','السودان','أهلية'),(466,'كلية الشرق الأوسط التكنولوجية','السودان','أهلية'),(467,'كلية جنوب الصحراء - الفاشر','السودان','أهلية'),(468,'كلية دارفور - نيالا','السودان','أهلية'),(469,'كلية السيد نورالدائم العجيمي التقانية – الولاية الشمالية','السودان','أهلية'),(470,'كلية عزة للبنات - الخرطوم','السودان','أهلية'),(471,'كلية القلم للعلوم والتكنولوجيا – أم درمان','السودان','أهلية'),(472,'كلية شيكان - الأبيض','السودان','أهلية'),(473,'كلية البحرين - الدمازين','السودان','أهلية'),(474,'كلية السافنا - نيالا','السودان','أهلية'),(475,'كلية أم درمان للطيران والتكنولوجيا – أم درمان','السودان','أهلية'),(476,'كلية الأندلس للعلوم الطبية والتكنولوجيا - ودمدنى','السودان','أهلية'),(477,'كلية الخوارزمي للعلوم والتكنولوجيا - بحري','السودان','أهلية'),(478,'كلية يونتي للعلوم الطبية والتكنولوجيا - نيالا','السودان','أهلية'),(479,'أكاديمية القراء','السودان','أهلية'),(480,'كلية الدمازين للعلوم الطبية والتكنولوجيا - الدمازين','السودان','أهلية'),(481,'كلية الغرب للعلوم والتكنولوجيا','السودان','أهلية'),(482,'كلية النخبة – ود مدني','السودان','أهلية'),(483,'كلية المناقل للعلوم الطبية والهندسية','السودان','أهلية'),(484,'كلية النهرين - الخرطوم','السودان','أهلية'),(485,'كلية ابوروف للعلوم والتكنولوجيا -امدرمان','السودان','أهلية'),(486,'كلية ام القرى للعلوم والتكنولوجيا','السودان','أهلية'),(487,'كلية البحير – نيالا','السودان','أهلية'),(488,'كلية المصورات للعلوم الطبية والتكنولوجيا – المناقل','السودان','أهلية'),(489,'كلية الشمال للعلوم الطبية والتكنولوجيا – مروي','السودان','أهلية'),(490,'كلية السلطنة – سنار','السودان','أهلية'),(491,'كلية الإتحاد الدولية – الخرطوم بحري','السودان','أهلية'),(492,'كلية تانوب للعلوم الطبية والتكنولوجيا - دنقلا','السودان','أهلية'),(493,'كلية نهر النيل للعلوم والتكنولوجيا - عطبرة','السودان','أهلية'),(494,'أكاديمية تاج الحافظين العالمية - الخرطوم','السودان','أهلية'),(495,'كلية كوستي للعلوم والتكنولوجيا - كوستي','السودان','أهلية');
/*!40000 ALTER TABLE `addmission_app_university` ENABLE KEYS */;
UNLOCK TABLES;

--
-- Table structure for table `auth_group`
--

DROP TABLE IF EXISTS `auth_group`;
/*!40101 SET @saved_cs_client     = @@character_set_client */;
/*!50503 SET character_set_client = utf8mb4 */;
CREATE TABLE `auth_group` (
  `id` int NOT NULL AUTO_INCREMENT,
  `name` varchar(150) NOT NULL,
  PRIMARY KEY (`id`),
  UNIQUE KEY `name` (`name`)
) ENGINE=InnoDB DEFAULT CHARSET=utf8mb4 COLLATE=utf8mb4_0900_ai_ci;
/*!40101 SET character_set_client = @saved_cs_client */;

--
-- Dumping data for table `auth_group`
--

LOCK TABLES `auth_group` WRITE;
/*!40000 ALTER TABLE `auth_group` DISABLE KEYS */;
/*!40000 ALTER TABLE `auth_group` ENABLE KEYS */;
UNLOCK TABLES;

--
-- Table structure for table `auth_group_permissions`
--

DROP TABLE IF EXISTS `auth_group_permissions`;
/*!40101 SET @saved_cs_client     = @@character_set_client */;
/*!50503 SET character_set_client = utf8mb4 */;
CREATE TABLE `auth_group_permissions` (
  `id` bigint NOT NULL AUTO_INCREMENT,
  `group_id` int NOT NULL,
  `permission_id` int NOT NULL,
  PRIMARY KEY (`id`),
  UNIQUE KEY `auth_group_permissions_group_id_permission_id_0cd325b0_uniq` (`group_id`,`permission_id`),
  KEY `auth_group_permissio_permission_id_84c5c92e_fk_auth_perm` (`permission_id`),
  CONSTRAINT `auth_group_permissio_permission_id_84c5c92e_fk_auth_perm` FOREIGN KEY (`permission_id`) REFERENCES `auth_permission` (`id`),
  CONSTRAINT `auth_group_permissions_group_id_b120cbf9_fk_auth_group_id` FOREIGN KEY (`group_id`) REFERENCES `auth_group` (`id`)
) ENGINE=InnoDB DEFAULT CHARSET=utf8mb4 COLLATE=utf8mb4_0900_ai_ci;
/*!40101 SET character_set_client = @saved_cs_client */;

--
-- Dumping data for table `auth_group_permissions`
--

LOCK TABLES `auth_group_permissions` WRITE;
/*!40000 ALTER TABLE `auth_group_permissions` DISABLE KEYS */;
/*!40000 ALTER TABLE `auth_group_permissions` ENABLE KEYS */;
UNLOCK TABLES;

--
-- Table structure for table `auth_permission`
--

DROP TABLE IF EXISTS `auth_permission`;
/*!40101 SET @saved_cs_client     = @@character_set_client */;
/*!50503 SET character_set_client = utf8mb4 */;
CREATE TABLE `auth_permission` (
  `id` int NOT NULL AUTO_INCREMENT,
  `name` varchar(255) NOT NULL,
  `content_type_id` int NOT NULL,
  `codename` varchar(100) NOT NULL,
  PRIMARY KEY (`id`),
  UNIQUE KEY `auth_permission_content_type_id_codename_01ab375a_uniq` (`content_type_id`,`codename`),
  CONSTRAINT `auth_permission_content_type_id_2f476e4b_fk_django_co` FOREIGN KEY (`content_type_id`) REFERENCES `django_content_type` (`id`)
) ENGINE=InnoDB AUTO_INCREMENT=45 DEFAULT CHARSET=utf8mb4 COLLATE=utf8mb4_0900_ai_ci;
/*!40101 SET character_set_client = @saved_cs_client */;

--
-- Dumping data for table `auth_permission`
--

LOCK TABLES `auth_permission` WRITE;
/*!40000 ALTER TABLE `auth_permission` DISABLE KEYS */;
INSERT INTO `auth_permission` VALUES (1,'Can add log entry',1,'add_logentry'),(2,'Can change log entry',1,'change_logentry'),(3,'Can delete log entry',1,'delete_logentry'),(4,'Can view log entry',1,'view_logentry'),(5,'Can add permission',2,'add_permission'),(6,'Can change permission',2,'change_permission'),(7,'Can delete permission',2,'delete_permission'),(8,'Can view permission',2,'view_permission'),(9,'Can add group',3,'add_group'),(10,'Can change group',3,'change_group'),(11,'Can delete group',3,'delete_group'),(12,'Can view group',3,'view_group'),(13,'Can add user',4,'add_user'),(14,'Can change user',4,'change_user'),(15,'Can delete user',4,'delete_user'),(16,'Can view user',4,'view_user'),(17,'Can add content type',5,'add_contenttype'),(18,'Can change content type',5,'change_contenttype'),(19,'Can delete content type',5,'delete_contenttype'),(20,'Can view content type',5,'view_contenttype'),(21,'Can add session',6,'add_session'),(22,'Can change session',6,'change_session'),(23,'Can delete session',6,'delete_session'),(24,'Can view session',6,'view_session'),(25,'Can add student',7,'add_student'),(26,'Can change student',7,'change_student'),(27,'Can delete student',7,'delete_student'),(28,'Can view student',7,'view_student'),(29,'Can add program',8,'add_program'),(30,'Can change program',8,'change_program'),(31,'Can delete program',8,'delete_program'),(32,'Can view program',8,'view_program'),(33,'Can add university',9,'add_university'),(34,'Can change university',9,'change_university'),(35,'Can delete university',9,'delete_university'),(36,'Can view university',9,'view_university'),(37,'Can add application',10,'add_application'),(38,'Can change application',10,'change_application'),(39,'Can delete application',10,'delete_application'),(40,'Can view application',10,'view_application'),(41,'Can add رغبة',11,'add_choice'),(42,'Can change رغبة',11,'change_choice'),(43,'Can delete رغبة',11,'delete_choice'),(44,'Can view رغبة',11,'view_choice');
/*!40000 ALTER TABLE `auth_permission` ENABLE KEYS */;
UNLOCK TABLES;

--
-- Table structure for table `auth_user`
--

DROP TABLE IF EXISTS `auth_user`;
/*!40101 SET @saved_cs_client     = @@character_set_client */;
/*!50503 SET character_set_client = utf8mb4 */;
CREATE TABLE `auth_user` (
  `id` int NOT NULL AUTO_INCREMENT,
  `password` varchar(128) NOT NULL,
  `last_login` datetime(6) DEFAULT NULL,
  `is_superuser` tinyint(1) NOT NULL,
  `username` varchar(150) NOT NULL,
  `first_name` varchar(150) NOT NULL,
  `last_name` varchar(150) NOT NULL,
  `email` varchar(254) NOT NULL,
  `is_staff` tinyint(1) NOT NULL,
  `is_active` tinyint(1) NOT NULL,
  `date_joined` datetime(6) NOT NULL,
  PRIMARY KEY (`id`),
  UNIQUE KEY `username` (`username`)
) ENGINE=InnoDB AUTO_INCREMENT=2 DEFAULT CHARSET=utf8mb4 COLLATE=utf8mb4_0900_ai_ci;
/*!40101 SET character_set_client = @saved_cs_client */;

--
-- Dumping data for table `auth_user`
--

LOCK TABLES `auth_user` WRITE;
/*!40000 ALTER TABLE `auth_user` DISABLE KEYS */;
INSERT INTO `auth_user` VALUES (1,'pbkdf2_sha256$1000000$ncEtQVsTRhu0vwsIOFddvb$jrFZ703sO2umU1A9S8ubGpESnfDQOdNAsRYg1CT+JnE=','2026-04-15 08:13:44.012693',1,'koro','','','gasimaboh732@gmail.com',1,1,'2026-02-13 13:28:47.793214');
/*!40000 ALTER TABLE `auth_user` ENABLE KEYS */;
UNLOCK TABLES;

--
-- Table structure for table `auth_user_groups`
--

DROP TABLE IF EXISTS `auth_user_groups`;
/*!40101 SET @saved_cs_client     = @@character_set_client */;
/*!50503 SET character_set_client = utf8mb4 */;
CREATE TABLE `auth_user_groups` (
  `id` bigint NOT NULL AUTO_INCREMENT,
  `user_id` int NOT NULL,
  `group_id` int NOT NULL,
  PRIMARY KEY (`id`),
  UNIQUE KEY `auth_user_groups_user_id_group_id_94350c0c_uniq` (`user_id`,`group_id`),
  KEY `auth_user_groups_group_id_97559544_fk_auth_group_id` (`group_id`),
  CONSTRAINT `auth_user_groups_group_id_97559544_fk_auth_group_id` FOREIGN KEY (`group_id`) REFERENCES `auth_group` (`id`),
  CONSTRAINT `auth_user_groups_user_id_6a12ed8b_fk_auth_user_id` FOREIGN KEY (`user_id`) REFERENCES `auth_user` (`id`)
) ENGINE=InnoDB DEFAULT CHARSET=utf8mb4 COLLATE=utf8mb4_0900_ai_ci;
/*!40101 SET character_set_client = @saved_cs_client */;

--
-- Dumping data for table `auth_user_groups`
--

LOCK TABLES `auth_user_groups` WRITE;
/*!40000 ALTER TABLE `auth_user_groups` DISABLE KEYS */;
/*!40000 ALTER TABLE `auth_user_groups` ENABLE KEYS */;
UNLOCK TABLES;

--
-- Table structure for table `auth_user_user_permissions`
--

DROP TABLE IF EXISTS `auth_user_user_permissions`;
/*!40101 SET @saved_cs_client     = @@character_set_client */;
/*!50503 SET character_set_client = utf8mb4 */;
CREATE TABLE `auth_user_user_permissions` (
  `id` bigint NOT NULL AUTO_INCREMENT,
  `user_id` int NOT NULL,
  `permission_id` int NOT NULL,
  PRIMARY KEY (`id`),
  UNIQUE KEY `auth_user_user_permissions_user_id_permission_id_14a6b632_uniq` (`user_id`,`permission_id`),
  KEY `auth_user_user_permi_permission_id_1fbb5f2c_fk_auth_perm` (`permission_id`),
  CONSTRAINT `auth_user_user_permi_permission_id_1fbb5f2c_fk_auth_perm` FOREIGN KEY (`permission_id`) REFERENCES `auth_permission` (`id`),
  CONSTRAINT `auth_user_user_permissions_user_id_a95ead1b_fk_auth_user_id` FOREIGN KEY (`user_id`) REFERENCES `auth_user` (`id`)
) ENGINE=InnoDB DEFAULT CHARSET=utf8mb4 COLLATE=utf8mb4_0900_ai_ci;
/*!40101 SET character_set_client = @saved_cs_client */;

--
-- Dumping data for table `auth_user_user_permissions`
--

LOCK TABLES `auth_user_user_permissions` WRITE;
/*!40000 ALTER TABLE `auth_user_user_permissions` DISABLE KEYS */;
/*!40000 ALTER TABLE `auth_user_user_permissions` ENABLE KEYS */;
UNLOCK TABLES;

--
-- Table structure for table `django_admin_log`
--

DROP TABLE IF EXISTS `django_admin_log`;
/*!40101 SET @saved_cs_client     = @@character_set_client */;
/*!50503 SET character_set_client = utf8mb4 */;
CREATE TABLE `django_admin_log` (
  `id` int NOT NULL AUTO_INCREMENT,
  `action_time` datetime(6) NOT NULL,
  `object_id` longtext,
  `object_repr` varchar(200) NOT NULL,
  `action_flag` smallint unsigned NOT NULL,
  `change_message` longtext NOT NULL,
  `content_type_id` int DEFAULT NULL,
  `user_id` int NOT NULL,
  PRIMARY KEY (`id`),
  KEY `django_admin_log_content_type_id_c4bce8eb_fk_django_co` (`content_type_id`),
  KEY `django_admin_log_user_id_c564eba6_fk_auth_user_id` (`user_id`),
  CONSTRAINT `django_admin_log_content_type_id_c4bce8eb_fk_django_co` FOREIGN KEY (`content_type_id`) REFERENCES `django_content_type` (`id`),
  CONSTRAINT `django_admin_log_user_id_c564eba6_fk_auth_user_id` FOREIGN KEY (`user_id`) REFERENCES `auth_user` (`id`),
  CONSTRAINT `django_admin_log_chk_1` CHECK ((`action_flag` >= 0))
) ENGINE=InnoDB AUTO_INCREMENT=176 DEFAULT CHARSET=utf8mb4 COLLATE=utf8mb4_0900_ai_ci;
/*!40101 SET character_set_client = @saved_cs_client */;

--
-- Dumping data for table `django_admin_log`
--

LOCK TABLES `django_admin_log` WRITE;
/*!40000 ALTER TABLE `django_admin_log` DISABLE KEYS */;
INSERT INTO `django_admin_log` VALUES (1,'2026-02-13 13:30:27.928544','1','جامعة الخرطوم',1,'[{\"added\": {}}]',9,1),(2,'2026-02-13 13:30:48.710381','2','جامعة ام درمان الاسلامية',1,'[{\"added\": {}}]',9,1),(3,'2026-02-13 13:31:01.168961','3','جامعة كرري',1,'[{\"added\": {}}]',9,1),(4,'2026-02-13 13:31:35.583973','4','جامعة البحر الاحمر',1,'[{\"added\": {}}]',9,1),(5,'2026-02-13 13:31:58.966513','5','جامعة القضارف',1,'[{\"added\": {}}]',9,1),(6,'2026-02-13 13:32:09.793277','6','جامعة بحري',1,'[{\"added\": {}}]',9,1),(7,'2026-02-13 13:32:23.764135','7','جامعة سنار',1,'[{\"added\": {}}]',9,1),(8,'2026-02-13 13:32:39.456889','8','جامعة الابيض',1,'[{\"added\": {}}]',9,1),(9,'2026-02-13 13:32:54.661710','9','جامعة الرباط',1,'[{\"added\": {}}]',9,1),(10,'2026-02-13 13:33:03.834426','10','جامعة المقرن',1,'[{\"added\": {}}]',9,1),(11,'2026-02-13 13:33:31.237251','11','جامعة السودان للعلوم والتكنولوجيا',1,'[{\"added\": {}}]',9,1),(12,'2026-02-13 13:34:42.215405','1','الطب - جامعة الخرطوم',1,'[{\"added\": {}}]',8,1),(13,'2026-02-13 13:34:53.760260','2','صيدلة - جامعة الخرطوم',1,'[{\"added\": {}}]',8,1),(14,'2026-02-13 13:35:08.605129','3','مختبرات - جامعة الخرطوم',1,'[{\"added\": {}}]',8,1),(15,'2026-02-13 13:35:21.530545','4','تمريض - جامعة الخرطوم',1,'[{\"added\": {}}]',8,1),(16,'2026-02-13 13:36:03.292144','5','علوم حاسوب - جامعة الخرطوم',1,'[{\"added\": {}}]',8,1),(17,'2026-02-13 13:36:21.999233','6','علوم حاسوب-تقانة معلومات - جامعة الخرطوم',1,'[{\"added\": {}}]',8,1),(18,'2026-02-13 13:36:56.544177','7','هندسة كهربائية - جامعة ام درمان الاسلامية',1,'[{\"added\": {}}]',8,1),(19,'2026-02-13 13:37:17.213287','8','هندسة مدنية - جامعة السودان للعلوم والتكنولوجيا',1,'[{\"added\": {}}]',8,1),(20,'2026-02-13 13:40:45.474467','9','قانون - جامعة الخرطوم',1,'[{\"added\": {}}]',8,1),(21,'2026-02-13 13:41:06.117655','10','طب - جامعة كرري',1,'[{\"added\": {}}]',8,1),(22,'2026-02-13 13:41:17.627911','11','مختبرات - جامعة كرري',1,'[{\"added\": {}}]',8,1),(23,'2026-02-13 13:41:35.925032','12','اشعة - جامعة كرري',1,'[{\"added\": {}}]',8,1),(24,'2026-02-13 13:41:46.841063','13','صيدلة - جامعة كرري',1,'[{\"added\": {}}]',8,1),(25,'2026-02-13 13:41:59.413935','14','تمريض - جامعة كرري',1,'[{\"added\": {}}]',8,1),(26,'2026-02-13 13:42:23.889954','15','علوم حاسوب-تقانة معلومات - جامعة كرري',1,'[{\"added\": {}}]',8,1),(27,'2026-02-13 13:42:35.720224','16','علوم حاسوب - جامعة كرري',1,'[{\"added\": {}}]',8,1),(28,'2026-02-13 13:43:04.735091','17','علوم حاسوب-شبكات - جامعة كرري',1,'[{\"added\": {}}]',8,1),(29,'2026-02-13 13:43:28.004985','18','علوم حاسوب-هندسة برمجيات - جامعة كرري',1,'[{\"added\": {}}]',8,1),(30,'2026-02-13 13:43:44.707410','19','هندسة كهربائية - جامعة كرري',1,'[{\"added\": {}}]',8,1),(31,'2026-02-13 13:43:59.738770','20','هندسة مدنية - جامعة كرري',1,'[{\"added\": {}}]',8,1),(32,'2026-02-13 13:44:48.732815','21','اداب-لغة انجليزية - جامعة كرري',1,'[{\"added\": {}}]',8,1),(33,'2026-02-13 13:45:10.647631','22','اداب-لغة صينية - جامعة كرري',1,'[{\"added\": {}}]',8,1),(34,'2026-02-13 13:45:45.428507','23','علوم إدارية - جامعة كرري',1,'[{\"added\": {}}]',8,1),(35,'2026-02-15 10:43:45.913718','4','قاسم ابوه تادةك ابراهيم (ADM-0321576A)',2,'[{\"changed\": {\"fields\": [\"\\u0627\\u0644\\u062d\\u0627\\u0644\\u0629\"]}}]',7,1),(36,'2026-02-15 10:55:32.089804','1','قاسم ابوه تادةك ابراهيم (ADM-A3F41906)',3,'',7,1),(37,'2026-02-15 10:55:56.170225','4','قاسم ابوه تادةك ابراهيم (ADM-0321576A)',2,'[]',7,1),(38,'2026-02-15 14:05:09.352815','4','طلب عبد الحميد بهاء الدين ',2,'[{\"changed\": {\"fields\": [\"\\u0627\\u0644\\u062c\\u0627\\u0645\\u0639\\u0629 \\u0627\\u0644\\u0645\\u0642\\u0628\\u0648\\u0644 \\u0628\\u0647\\u0627\"]}}]',10,1),(39,'2026-02-15 14:07:05.444216','4','طلب عبد الحميد بهاء الدين ',2,'[{\"changed\": {\"fields\": [\"Status\"]}}]',10,1),(40,'2026-02-15 14:07:50.651395','4','طلب عبد الحميد بهاء الدين ',2,'[{\"changed\": {\"fields\": [\"Status\"]}}]',10,1),(41,'2026-02-16 05:53:13.045851','4','طلب عبد الحميد بهاء الدين ',3,'',10,1),(42,'2026-02-16 05:53:13.045851','3','طلب محمد احمد الهادي',3,'',10,1),(43,'2026-02-16 05:53:13.045851','2','طلب قاسم ابوه تادةك ابراهيم',3,'',10,1),(44,'2026-02-16 05:53:13.045851','1','طلب قاسم ابوه',3,'',10,1),(45,'2026-02-16 06:09:03.388647','12','عبد الحميد بهاء الدين ',3,'',7,1),(46,'2026-02-16 06:09:03.388647','11','محمد احمد الهادي',3,'',7,1),(47,'2026-02-16 06:09:03.388647','10','قاسم ابوه تادةك ابراهيم',3,'',7,1),(48,'2026-02-16 06:09:03.388647','9','قاسم ابوه',3,'',7,1),(49,'2026-02-16 06:09:03.388647','7','عبد القادر محمد',3,'',7,1),(50,'2026-02-16 06:09:03.388647','5','عبد الحميد بهاء الدين ',3,'',7,1),(51,'2026-02-16 06:09:03.388647','4','قاسم ابوه تادةك ابراهيم',3,'',7,1),(52,'2026-02-16 06:11:05.078329','5','طلب قاسم ابوه تادةك ابراهيم',2,'[{\"changed\": {\"fields\": [\"\\u062d\\u0627\\u0644\\u0629 \\u0627\\u0644\\u0637\\u0644\\u0628\", \"\\u0627\\u0644\\u0631\\u063a\\u0628\\u0629 \\u0627\\u0644\\u0645\\u0642\\u0628\\u0648\\u0644 \\u0628\\u0647\\u0627\"]}}]',10,1),(53,'2026-02-16 06:11:45.147967','5','طلب قاسم ابوه تادةك ابراهيم',2,'[{\"changed\": {\"fields\": [\"\\u062d\\u0627\\u0644\\u0629 \\u0627\\u0644\\u0637\\u0644\\u0628\"]}}]',10,1),(54,'2026-02-16 13:45:39.045512','7','طلب محمد احمد الهادي',2,'[{\"changed\": {\"fields\": [\"\\u062d\\u0627\\u0644\\u0629 \\u0627\\u0644\\u0637\\u0644\\u0628\", \"\\u0627\\u0644\\u0631\\u063a\\u0628\\u0629 \\u0627\\u0644\\u0645\\u0642\\u0628\\u0648\\u0644 \\u0628\\u0647\\u0627\"]}}]',10,1),(55,'2026-02-16 13:46:56.081878','7','طلب محمد احمد الهادي',2,'[{\"changed\": {\"fields\": [\"\\u062d\\u0627\\u0644\\u0629 \\u0627\\u0644\\u0637\\u0644\\u0628\"]}}]',10,1),(56,'2026-02-17 09:24:43.300556','9','طلب علي الزبير ',2,'[{\"changed\": {\"fields\": [\"\\u062d\\u0627\\u0644\\u0629 \\u0627\\u0644\\u0637\\u0644\\u0628\", \"\\u0627\\u0644\\u0631\\u063a\\u0628\\u0629 \\u0627\\u0644\\u0645\\u0642\\u0628\\u0648\\u0644 \\u0628\\u0647\\u0627\"]}}]',10,1),(57,'2026-02-17 10:08:08.848469','9','طلب علي الزبير ',3,'',10,1),(58,'2026-02-17 10:08:08.848469','8','طلب علي الزبير ',3,'',10,1),(59,'2026-02-17 10:08:08.848469','7','طلب محمد احمد الهادي',3,'',10,1),(60,'2026-02-17 10:08:08.848469','6','طلب قاسم ابوه تادةك ابراهيم',3,'',10,1),(61,'2026-02-17 10:08:08.848469','5','طلب قاسم ابوه تادةك ابراهيم',3,'',10,1),(62,'2026-02-17 10:08:25.839597','20','علي الزبير ',3,'',7,1),(63,'2026-02-17 10:08:25.839597','19','علي الزبير ',3,'',7,1),(64,'2026-02-17 10:08:25.839597','18','محمد احمد الهادي',3,'',7,1),(65,'2026-02-17 10:08:25.839597','15','قاسم ابوه تادةك ابراهيم',3,'',7,1),(66,'2026-02-17 10:08:25.839597','14','قاسم ابوه تادةك ابراهيم',3,'',7,1),(67,'2026-02-17 10:09:49.242892','10','طلب قاسم بوه تادوك ابراهيم',2,'[{\"changed\": {\"fields\": [\"\\u062d\\u0627\\u0644\\u0629 \\u0627\\u0644\\u0637\\u0644\\u0628\", \"\\u0627\\u0644\\u0631\\u063a\\u0628\\u0629 \\u0627\\u0644\\u0645\\u0642\\u0628\\u0648\\u0644 \\u0628\\u0647\\u0627\"]}}]',10,1),(68,'2026-02-17 10:19:24.681849','11','طلب قاسم بوه تادوك ابراهيم',2,'[{\"changed\": {\"fields\": [\"\\u062d\\u0627\\u0644\\u0629 \\u0627\\u0644\\u0637\\u0644\\u0628\", \"\\u0627\\u0644\\u0631\\u063a\\u0628\\u0629 \\u0627\\u0644\\u0645\\u0642\\u0628\\u0648\\u0644 \\u0628\\u0647\\u0627\"]}}]',10,1),(69,'2026-02-17 10:26:20.787200','12','طلب عبدالقادر محمد عبدالقادر ادريس',2,'[{\"changed\": {\"fields\": [\"\\u0627\\u0644\\u0631\\u063a\\u0628\\u0629 \\u0627\\u0644\\u0645\\u0642\\u0628\\u0648\\u0644 \\u0628\\u0647\\u0627\"]}}]',10,1),(70,'2026-02-17 10:27:10.131955','12','طلب عبدالقادر محمد عبدالقادر ادريس',2,'[{\"changed\": {\"fields\": [\"\\u062d\\u0627\\u0644\\u0629 \\u0627\\u0644\\u0637\\u0644\\u0628\"]}}]',10,1),(71,'2026-02-17 10:48:19.147048','13','طلب قاسم ابوه تادوك ابراهيم',2,'[{\"changed\": {\"fields\": [\"\\u062d\\u0627\\u0644\\u0629 \\u0627\\u0644\\u0637\\u0644\\u0628\", \"\\u0627\\u0644\\u0631\\u063a\\u0628\\u0629 \\u0627\\u0644\\u0645\\u0642\\u0628\\u0648\\u0644 \\u0628\\u0647\\u0627\"]}}]',10,1),(72,'2026-03-01 17:04:54.201832','14','طلب hlkg;j',2,'[{\"changed\": {\"fields\": [\"\\u062d\\u0627\\u0644\\u0629 \\u0627\\u0644\\u0637\\u0644\\u0628\", \"\\u0627\\u0644\\u0631\\u063a\\u0628\\u0629 \\u0627\\u0644\\u0645\\u0642\\u0628\\u0648\\u0644 \\u0628\\u0647\\u0627\"]}}]',10,1),(73,'2026-03-09 09:04:04.836503','234','كلية شرق النيل (حكومية)',2,'[{\"changed\": {\"fields\": [\"\\u0646\\u0648\\u0639 \\u0627\\u0644\\u062c\\u0627\\u0645\\u0639\\u0629\"]}}]',9,1),(74,'2026-03-12 10:51:37.472893','19','طلب 4',3,'',10,1),(75,'2026-03-12 10:51:37.472893','18','طلب اى',3,'',10,1),(76,'2026-03-12 10:51:37.472893','17','طلب قاسم ابوه تادوك',3,'',10,1),(77,'2026-03-12 10:51:37.472893','16','طلب قا',3,'',10,1),(78,'2026-03-12 10:51:37.472893','15','طلب قاسم ابوه',3,'',10,1),(79,'2026-03-12 10:51:37.472893','14','طلب hlkg;j',3,'',10,1),(80,'2026-03-12 10:51:37.472893','13','طلب قاسم ابوه تادوك ابراهيم',3,'',10,1),(81,'2026-03-12 10:51:37.472893','12','طلب عبدالقادر محمد عبدالقادر ادريس',3,'',10,1),(82,'2026-03-12 10:51:37.472893','11','طلب قاسم بوه تادوك ابراهيم',3,'',10,1),(83,'2026-03-12 10:51:37.472893','10','طلب قاسم بوه تادوك ابراهيم',3,'',10,1),(84,'2026-03-14 14:01:22.535215','31','طلب قاسم',3,'',10,1),(85,'2026-03-14 14:01:22.535215','30','طلب قاسم',3,'',10,1),(86,'2026-03-14 14:01:22.535215','29','طلب ق',3,'',10,1),(87,'2026-03-14 14:01:22.535215','28','طلب 4',3,'',10,1),(88,'2026-03-14 14:01:22.535215','27','طلب 4',3,'',10,1),(89,'2026-03-14 14:01:22.535215','26','طلب قاسم ابوه',3,'',10,1),(90,'2026-03-14 14:01:22.535215','25','طلب قاسم ابوه',3,'',10,1),(91,'2026-03-14 14:01:22.535215','24','طلب قاسم ابوه',3,'',10,1),(92,'2026-03-14 14:01:22.535215','23','طلب قاسم ابوه',3,'',10,1),(93,'2026-03-14 14:01:22.535215','22','طلب قاسم ابوه',3,'',10,1),(94,'2026-03-14 14:01:22.535215','21','طلب قاسم ابوه',3,'',10,1),(95,'2026-03-14 14:01:22.535215','20','طلب قاسم ابوه',3,'',10,1),(96,'2026-03-14 14:01:46.497880','85','قاسم',3,'',7,1),(97,'2026-03-14 14:01:46.497880','84','قاسم',3,'',7,1),(98,'2026-03-14 14:01:46.497880','83','ق',3,'',7,1),(99,'2026-03-14 14:01:46.497880','82','4',3,'',7,1),(100,'2026-03-14 14:01:46.497880','81','4',3,'',7,1),(101,'2026-03-14 14:01:46.497880','80','قاسم ابوه',3,'',7,1),(102,'2026-03-14 14:01:46.497880','79','قاسم ابوه',3,'',7,1),(103,'2026-03-14 14:01:46.497880','78','قاسم ابوه',3,'',7,1),(104,'2026-03-14 14:01:46.497880','77','قاسم ابوه',3,'',7,1),(105,'2026-03-14 14:01:46.497880','76','قاسم ابوه',3,'',7,1),(106,'2026-03-14 14:01:46.497880','75','قاسم ابوه',3,'',7,1),(107,'2026-03-14 14:01:46.497880','74','قاسم ابوه',3,'',7,1),(108,'2026-03-14 14:01:46.497880','73','4',3,'',7,1),(109,'2026-03-14 14:01:46.497880','72','اى',3,'',7,1),(110,'2026-03-14 14:01:46.497880','58','قاسم ابوه تادوك',3,'',7,1),(111,'2026-03-14 14:01:46.497880','54','قا',3,'',7,1),(112,'2026-03-14 14:01:46.497880','27','قاسم ابوه',3,'',7,1),(113,'2026-03-14 14:01:46.497880','25','hlkg;j',3,'',7,1),(114,'2026-03-14 14:01:46.497880','24','قاسم ابوه تادوك ابراهيم',3,'',7,1),(115,'2026-03-14 14:01:46.497880','23','عبدالقادر محمد عبدالقادر ادريس',3,'',7,1),(116,'2026-03-14 14:01:46.497880','22','قاسم بوه تادوك ابراهيم',3,'',7,1),(117,'2026-03-14 14:01:46.497880','21','قاسم بوه تادوك ابراهيم',3,'',7,1),(118,'2026-03-15 11:07:19.800618','38','طلب نغبلغرت',2,'[{\"changed\": {\"fields\": [\"\\u0627\\u0644\\u0631\\u063a\\u0628\\u0629 \\u0627\\u0644\\u0645\\u0642\\u0628\\u0648\\u0644 \\u0628\\u0647\\u0627\"]}}]',10,1),(119,'2026-03-15 11:07:20.599265','38','طلب نغبلغرت',2,'[{\"changed\": {\"fields\": [\"\\u062d\\u0627\\u0644\\u0629 \\u0627\\u0644\\u0637\\u0644\\u0628\"]}}]',10,1),(120,'2026-03-15 11:07:34.140807','38','طلب نغبلغرت',3,'',10,1),(121,'2026-03-15 11:07:34.140807','37','طلب علي الزبير',3,'',10,1),(122,'2026-03-15 11:07:34.140807','36','طلب عبد الخميد محمد عبد الحميد',3,'',10,1),(123,'2026-03-15 11:07:34.140807','35','طلب محمد احمد',3,'',10,1),(124,'2026-03-15 11:07:34.140807','34','طلب قاسم ابوه تادوك',3,'',10,1),(125,'2026-03-15 11:07:34.140807','33','طلب قاسم ابوع تادوك',3,'',10,1),(126,'2026-03-15 11:07:34.140807','32','طلب ',3,'',10,1),(127,'2026-03-15 11:14:55.909165','39','طلب قاسم ابوه',2,'[{\"changed\": {\"fields\": [\"\\u0627\\u0644\\u0631\\u063a\\u0628\\u0629 \\u0627\\u0644\\u0645\\u0642\\u0628\\u0648\\u0644 \\u0628\\u0647\\u0627\"]}}]',10,1),(128,'2026-03-16 11:04:52.523866','56','طلب قاسميبلس',3,'',10,1),(129,'2026-03-16 11:04:52.523866','55','طلب فاتن احمد',3,'',10,1),(130,'2026-03-16 11:04:52.523866','54','طلب فاتن احمد',3,'',10,1),(131,'2026-03-16 11:04:52.523866','53','طلب فاتن احمد',3,'',10,1),(132,'2026-03-16 11:04:52.523866','52','طلب قاسبسبل',3,'',10,1),(133,'2026-03-16 11:04:52.523866','51','طلب قاسبسبل',3,'',10,1),(134,'2026-03-16 11:04:52.523866','50','طلب البلسل',3,'',10,1),(135,'2026-03-16 11:04:52.523866','49','طلب ق',3,'',10,1),(136,'2026-03-16 11:04:52.523866','48','طلب محمد احمد',3,'',10,1),(137,'2026-03-16 11:04:52.523866','47','طلب علي محمد علي احمد ',3,'',10,1),(138,'2026-03-16 11:04:52.523866','46','طلب معتصم زهير',3,'',10,1),(139,'2026-03-16 11:04:52.523866','45','طلب لبنى عبد الرحمن',3,'',10,1),(140,'2026-03-16 11:04:52.523866','44','طلب امان عوض ابراهيم',3,'',10,1),(141,'2026-03-16 11:04:52.523866','43','طلب مرتضى احمد',3,'',10,1),(142,'2026-03-16 11:04:52.523866','42','طلب علي بابكر عبد الرحيم',3,'',10,1),(143,'2026-03-16 11:04:52.523866','41','طلب قاسم\\',3,'',10,1),(144,'2026-03-16 11:04:52.523866','40','طلب قاسم ابوه',3,'',10,1),(145,'2026-03-16 11:04:52.523866','39','طلب قاسم ابوه',3,'',10,1),(146,'2026-03-16 11:05:15.606258','89','قاسم ابوه تادوك',3,'',7,1),(147,'2026-03-16 11:05:15.606258','88','قاسم ابوع تادوك',3,'',7,1),(148,'2026-03-16 11:05:15.606258','90','محمد احمد',3,'',7,1),(149,'2026-03-16 11:05:15.606258','91','احمد عبد العاطي',3,'',7,1),(150,'2026-03-16 11:05:15.606258','94','عبد الخميد محمد عبد الحميد',3,'',7,1),(151,'2026-03-16 11:05:15.606258','95','علي عبد الرحمن علي',3,'',7,1),(152,'2026-03-16 11:05:15.606258','92','عبد الحميد محمد عبد الحميد ',3,'',7,1),(153,'2026-03-16 11:05:15.606258','86','',3,'',7,1),(154,'2026-03-16 11:05:15.606258','101','قاسم ابوه',3,'',7,1),(155,'2026-03-16 11:05:15.606258','126','قاسميبلس',3,'',7,1),(156,'2026-03-16 11:05:15.606258','108','مرتضى احمد',3,'',7,1),(157,'2026-03-16 11:05:15.606258','119','البلسل',3,'',7,1),(158,'2026-03-16 11:05:15.606258','97','قاسم',3,'',7,1),(159,'2026-03-16 11:05:15.606258','122','قاسبسبل',3,'',7,1),(160,'2026-03-16 11:05:15.606258','109','امان عوض ابراهيم',3,'',7,1),(161,'2026-03-16 11:05:15.606258','124','فاتن احمد',3,'',7,1),(162,'2026-03-16 11:05:15.606258','115','محمد احمد',3,'',7,1),(163,'2026-03-16 11:05:15.606258','113','علي محمد علي احمد ',3,'',7,1),(164,'2026-03-16 11:05:15.606258','123','فاتن احمد',3,'',7,1),(165,'2026-03-16 11:05:15.606258','112','معتصم زهير',3,'',7,1),(166,'2026-03-16 11:05:15.606258','99','علي الزبير',3,'',7,1),(167,'2026-03-16 11:05:15.606258','106','علي بابكر عبد الرحيم',3,'',7,1),(168,'2026-03-16 11:05:15.606258','117','ق',3,'',7,1),(169,'2026-03-16 11:05:15.606258','100','نغبلغرت',3,'',7,1),(170,'2026-03-16 11:05:15.606258','102','قاسم ابوه',3,'',7,1),(171,'2026-03-16 11:05:15.606258','121','قاسبسبل',3,'',7,1),(172,'2026-03-16 11:05:15.606258','104','قاسم\\',3,'',7,1),(173,'2026-03-16 11:05:15.606258','125','فاتن احمد',3,'',7,1),(174,'2026-03-16 11:05:15.606258','110','لبنى عبد الرحمن',3,'',7,1),(175,'2026-04-24 02:11:09.783537','101','طلب قاسم ابوه تادوك ',2,'[{\"changed\": {\"fields\": [\"\\u0627\\u0644\\u0631\\u063a\\u0628\\u0629 \\u0627\\u0644\\u0645\\u0642\\u0628\\u0648\\u0644 \\u0628\\u0647\\u0627\"]}}]',10,1);
/*!40000 ALTER TABLE `django_admin_log` ENABLE KEYS */;
UNLOCK TABLES;

--
-- Table structure for table `django_content_type`
--

DROP TABLE IF EXISTS `django_content_type`;
/*!40101 SET @saved_cs_client     = @@character_set_client */;
/*!50503 SET character_set_client = utf8mb4 */;
CREATE TABLE `django_content_type` (
  `id` int NOT NULL AUTO_INCREMENT,
  `app_label` varchar(100) NOT NULL,
  `model` varchar(100) NOT NULL,
  PRIMARY KEY (`id`),
  UNIQUE KEY `django_content_type_app_label_model_76bd3d3b_uniq` (`app_label`,`model`)
) ENGINE=InnoDB AUTO_INCREMENT=12 DEFAULT CHARSET=utf8mb4 COLLATE=utf8mb4_0900_ai_ci;
/*!40101 SET character_set_client = @saved_cs_client */;

--
-- Dumping data for table `django_content_type`
--

LOCK TABLES `django_content_type` WRITE;
/*!40000 ALTER TABLE `django_content_type` DISABLE KEYS */;
INSERT INTO `django_content_type` VALUES (10,'addmission_app','application'),(11,'addmission_app','choice'),(8,'addmission_app','program'),(7,'addmission_app','student'),(9,'addmission_app','university'),(1,'admin','logentry'),(3,'auth','group'),(2,'auth','permission'),(4,'auth','user'),(5,'contenttypes','contenttype'),(6,'sessions','session');
/*!40000 ALTER TABLE `django_content_type` ENABLE KEYS */;
UNLOCK TABLES;

--
-- Table structure for table `django_migrations`
--

DROP TABLE IF EXISTS `django_migrations`;
/*!40101 SET @saved_cs_client     = @@character_set_client */;
/*!50503 SET character_set_client = utf8mb4 */;
CREATE TABLE `django_migrations` (
  `id` bigint NOT NULL AUTO_INCREMENT,
  `app` varchar(255) NOT NULL,
  `name` varchar(255) NOT NULL,
  `applied` datetime(6) NOT NULL,
  PRIMARY KEY (`id`)
) ENGINE=InnoDB AUTO_INCREMENT=51 DEFAULT CHARSET=utf8mb4 COLLATE=utf8mb4_0900_ai_ci;
/*!40101 SET character_set_client = @saved_cs_client */;

--
-- Dumping data for table `django_migrations`
--

LOCK TABLES `django_migrations` WRITE;
/*!40000 ALTER TABLE `django_migrations` DISABLE KEYS */;
INSERT INTO `django_migrations` VALUES (1,'addmission_app','0001_initial','2026-02-13 12:50:56.211292'),(2,'contenttypes','0001_initial','2026-02-13 12:50:57.436732'),(3,'auth','0001_initial','2026-02-13 12:51:12.348333'),(4,'admin','0001_initial','2026-02-13 12:51:15.342434'),(5,'admin','0002_logentry_remove_auto_add','2026-02-13 12:51:15.536937'),(6,'admin','0003_logentry_add_action_flag_choices','2026-02-13 12:51:15.660037'),(7,'contenttypes','0002_remove_content_type_name','2026-02-13 12:51:18.145566'),(8,'auth','0002_alter_permission_name_max_length','2026-02-13 12:51:20.073681'),(9,'auth','0003_alter_user_email_max_length','2026-02-13 12:51:20.406633'),(10,'auth','0004_alter_user_username_opts','2026-02-13 12:51:20.473942'),(11,'auth','0005_alter_user_last_login_null','2026-02-13 12:51:21.688284'),(12,'auth','0006_require_contenttypes_0002','2026-02-13 12:51:21.797681'),(13,'auth','0007_alter_validators_add_error_messages','2026-02-13 12:51:21.870983'),(14,'auth','0008_alter_user_username_max_length','2026-02-13 12:51:23.191951'),(15,'auth','0009_alter_user_last_name_max_length','2026-02-13 12:51:24.647984'),(16,'auth','0010_alter_group_name_max_length','2026-02-13 12:51:24.911665'),(17,'auth','0011_update_proxy_permissions','2026-02-13 12:51:25.058153'),(18,'auth','0012_alter_user_first_name_max_length','2026-02-13 12:51:27.233936'),(19,'sessions','0001_initial','2026-02-13 12:51:28.598291'),(20,'addmission_app','0002_university_program','2026-02-13 13:23:17.285254'),(21,'addmission_app','0003_remove_student_college_remove_student_university_and_more','2026-02-15 09:33:40.782051'),(22,'addmission_app','0004_application_accepted_program_and_more','2026-02-15 09:33:46.234048'),(23,'addmission_app','0005_alter_application_form_number','2026-02-15 09:39:08.737195'),(24,'addmission_app','0006_remove_program_category_remove_program_field_and_more','2026-02-15 10:38:58.972215'),(25,'addmission_app','0007_remove_student_choice1_remove_student_choice10_and_more','2026-02-15 12:39:15.264836'),(26,'addmission_app','0008_rename_choice20_application_choice2_student_email_and_more','2026-02-15 12:49:49.334631'),(27,'addmission_app','0009_application_choice10_application_choice11_and_more','2026-02-15 13:09:16.726496'),(28,'addmission_app','0010_application_accepted_university','2026-02-15 13:26:06.132569'),(29,'addmission_app','0011_alter_application_options_alter_program_options_and_more','2026-02-16 05:52:29.090955'),(30,'addmission_app','0012_alter_application_status_alter_student_form_number','2026-02-17 09:38:12.572396'),(31,'addmission_app','0013_university_university_type','2026-03-09 08:51:48.257631'),(32,'addmission_app','0014_alter_application_options_alter_choice_options_and_more','2026-03-12 09:47:24.786820'),(33,'addmission_app','0015_alter_program_options_alter_student_options_and_more','2026-03-12 10:10:52.854963'),(34,'addmission_app','0016_alter_application_accepted_program_and_more','2026-03-12 10:20:09.703126'),(35,'addmission_app','0017_alter_program_options_alter_student_options_and_more','2026-03-15 08:06:59.405904'),(36,'addmission_app','0018_delete_choice','2026-03-15 08:18:02.141813'),(37,'addmission_app','0019_application_choices_json','2026-03-15 08:32:16.242389'),(38,'addmission_app','0020_remove_application_choices_json_student_gender_and_more','2026-03-15 10:28:47.908122'),(39,'addmission_app','0021_remove_student_region','2026-03-15 10:28:48.547135'),(40,'addmission_app','0022_remove_student_gender','2026-03-15 10:28:48.994221'),(41,'addmission_app','0023_alter_choice_program','2026-03-15 10:38:51.455431'),(42,'addmission_app','0024_application_choices_json','2026-03-15 10:45:45.510612'),(43,'addmission_app','0025_alter_choice_program','2026-03-16 10:21:38.242868'),(44,'addmission_app','0026_alter_choice_program','2026-03-16 10:31:25.407391'),(45,'addmission_app','0027_alter_choice_program','2026-03-16 10:31:28.289828'),(46,'addmission_app','0028_alter_choice_program','2026-03-16 10:31:29.701123'),(47,'addmission_app','0029_alter_application_options_alter_choice_options_and_more','2026-03-16 10:39:59.483748'),(48,'addmission_app','0030_alter_choice_options_alter_choice_program','2026-03-16 10:54:51.849048'),(49,'addmission_app','0031_choice_is_matched','2026-03-30 07:40:52.440188'),(50,'addmission_app','0032_student_email_address_student_phone_number','2026-04-28 20:32:48.227990');
/*!40000 ALTER TABLE `django_migrations` ENABLE KEYS */;
UNLOCK TABLES;

--
-- Table structure for table `django_session`
--

DROP TABLE IF EXISTS `django_session`;
/*!40101 SET @saved_cs_client     = @@character_set_client */;
/*!50503 SET character_set_client = utf8mb4 */;
CREATE TABLE `django_session` (
  `session_key` varchar(40) NOT NULL,
  `session_data` longtext NOT NULL,
  `expire_date` datetime(6) NOT NULL,
  PRIMARY KEY (`session_key`),
  KEY `django_session_expire_date_a5c62663` (`expire_date`)
) ENGINE=InnoDB DEFAULT CHARSET=utf8mb4 COLLATE=utf8mb4_0900_ai_ci;
/*!40101 SET character_set_client = @saved_cs_client */;

--
-- Dumping data for table `django_session`
--

LOCK TABLES `django_session` WRITE;
/*!40000 ALTER TABLE `django_session` DISABLE KEYS */;
INSERT INTO `django_session` VALUES ('1ehs454y047qxj35m33znxbmpnouyxdy','.eJxVjEEOwiAQRe_C2pAyBaa4dO8ZyDBDpWpoUtqV8e7apAvd_vfef6lI21ri1vISJ1FnZdTpd0vEj1x3IHeqt1nzXNdlSnpX9EGbvs6Sn5fD_Tso1Mq3HlBSCEYEyA8QMgoCcLYETGwJR-ew886Pmawl6vvUiWOLAUUMMaj3B_HROGI:1w7CDi:uXjnbH3Tcwn87ELgruSzHqVb6Y6RYj61Co2vPjegr-A','2026-04-13 12:59:54.886266'),('j01xz2ozknxylni20vtkjc3eogfx3prf','.eJxVjEEOwiAQRe_C2pAyBaa4dO8ZyDBDpWpoUtqV8e7apAvd_vfef6lI21ri1vISJ1FnZdTpd0vEj1x3IHeqt1nzXNdlSnpX9EGbvs6Sn5fD_Tso1Mq3HlBSCEYEyA8QMgoCcLYETGwJR-ew886Pmawl6vvUiWOLAUUMMaj3B_HROGI:1w24Yz:ChYGSLErJyJHeQaToxJLEiHHn-t31b14ouFSKyGTyqo','2026-03-30 09:48:41.467658'),('lze5gb11s7u678xpeezicla3m99y3ohw','.eJxVjEEOwiAQRe_C2pAyBaa4dO8ZyDBDpWpoUtqV8e7apAvd_vfef6lI21ri1vISJ1FnZdTpd0vEj1x3IHeqt1nzXNdlSnpX9EGbvs6Sn5fD_Tso1Mq3HlBSCEYEyA8QMgoCcLYETGwJR-ew886Pmawl6vvUiWOLAUUMMaj3B_HROGI:1vwkDT:CG9iLbS17A2OFNWlwy9OrtOhKJaA_glW30BwhfUg-58','2026-03-15 17:04:27.455950'),('pw6xxzobenbw0antpoa1239cbivu0f5e','.eJxVjEEOwiAQRe_C2pAyBaa4dO8ZyDBDpWpoUtqV8e7apAvd_vfef6lI21ri1vISJ1FnZdTpd0vEj1x3IHeqt1nzXNdlSnpX9EGbvs6Sn5fD_Tso1Mq3HlBSCEYEyA8QMgoCcLYETGwJR-ew886Pmawl6vvUiWOLAUUMMaj3B_HROGI:1wCvNY:IP9rwQY9Vj4N6ZJS9ZS-gZz8gypBDbHwDgXSkmC18ZY','2026-04-29 08:13:44.478142'),('r8vr0c8rtufiib578nrqnfzews5nt81z','.eJxVjEEOwiAQRe_C2pAyBaa4dO8ZyDBDpWpoUtqV8e7apAvd_vfef6lI21ri1vISJ1FnZdTpd0vEj1x3IHeqt1nzXNdlSnpX9EGbvs6Sn5fD_Tso1Mq3HlBSCEYEyA8QMgoCcLYETGwJR-ew886Pmawl6vvUiWOLAUUMMaj3B_HROGI:1vqtF4:GV8qWCnqQWx2Xy58YVbx5zVBx1EMuDpnHjBkG2_U1p8','2026-02-27 13:29:54.323877');
/*!40000 ALTER TABLE `django_session` ENABLE KEYS */;
UNLOCK TABLES;
/*!40103 SET TIME_ZONE=@OLD_TIME_ZONE */;

/*!40101 SET SQL_MODE=@OLD_SQL_MODE */;
/*!40014 SET FOREIGN_KEY_CHECKS=@OLD_FOREIGN_KEY_CHECKS */;
/*!40014 SET UNIQUE_CHECKS=@OLD_UNIQUE_CHECKS */;
/*!40101 SET CHARACTER_SET_CLIENT=@OLD_CHARACTER_SET_CLIENT */;
/*!40101 SET CHARACTER_SET_RESULTS=@OLD_CHARACTER_SET_RESULTS */;
/*!40101 SET COLLATION_CONNECTION=@OLD_COLLATION_CONNECTION */;
/*!40111 SET SQL_NOTES=@OLD_SQL_NOTES */;

-- Dump completed on 2026-05-01 21:10:17
